ID,Title,Content,Excerpt,Date,"Post Type",Permalink,"Image URL","Image Title","Image Caption","Image Description","Image Alt Text","Image Featured","Attachment URL","Portfolio Categories","Portfolio Tags",Status,"Author ID","Author Username","Author Email","Author First Name","Author Last Name",Slug,Format,Template,Parent,"Parent Slug",Order,"Comment Status","Ping Status","Post Modified Date"
1154,"Holiday Season","[vc_row css="".vc_custom_1484300461025{padding-top: 4px !important;}""][vc_column][vc_column_text]Display your work in the best light. The collection of portfolio layouts and hover animations from Edge Themes ensures that your selected project always look amazing.[/vc_column_text][vc_empty_space height=""22px""][edgtf_button size="""" type="""" target=""_self"" icon_pack="""" font_weight="""" text=""PURCHASE"" link=""#"" color=""#ffffff"" hover_color=""#ffffff"" background_color=""#303030"" hover_background_color=""#565656"" border_color=""#303030"" hover_border_color=""#565656""][/vc_column][/vc_row]","Lorem Ipsn gravida nibh vel velit auctor aliquet. Aene sollic consequat ipsutis sem nibh id elit. Duis sed nibh vel a  sit amet nibh vulputate. This is Lorem Ipsn vel velit auctor aliquet. This is Photoshop's version  of Lorem Ipsn gravida nibh vel velit auctor aliquet. Aene sollic consequat ipsutis sem nibh id elit. Duis sed odio sit amet nibh vulputate.",20170113,portfolio-item,http://bossakov.eu/temp/kaboom/portfolio-item/holiday-season/,http://bossakov.eu/temp/kaboom/wp-content/uploads/2017/01/portfolio-image-18.jpg,portfolio-image-18,,,g,http://bossakov.eu/temp/kaboom/wp-content/uploads/2017/01/portfolio-image-18.jpg,,"Graphic Design",,publish,1,petko,petko@bossakov.eu,,,holiday-season,,,0,0,0,open,closed,20170113
1243,Superfiction,"[vc_row css="".vc_custom_1484300461025{padding-top: 4px !important;}""][vc_column][vc_column_text]Display your work in the best light. The collection of portfolio layouts and hover animations from Edge Themes ensures that your selected project always look amazing.[/vc_column_text][vc_empty_space height=""22px""][edgtf_button size="""" type="""" target=""_self"" icon_pack="""" font_weight="""" text=""PURCHASE"" link=""#"" color=""#ffffff"" hover_color=""#ffffff"" background_color=""#303030"" hover_background_color=""#565656"" border_color=""#303030"" hover_border_color=""#565656""][/vc_column][/vc_row]","Lorem Ipsn gravida nibh vel velit auctor aliquet. Aene sollic consequat ipsutis sem nibh id elit. Duis sed nibh vel a  sit amet nibh vulputate. This is Lorem Ipsn vel velit auctor aliquet. This is Photoshop's version  of Lorem Ipsn gravida nibh vel velit auctor aliquet. Aene sollic consequat ipsutis sem nibh id elit. Duis sed odio sit amet nibh vulputate.",20170113,portfolio-item,http://bossakov.eu/temp/kaboom/portfolio-item/superfiction/,http://bossakov.eu/temp/kaboom/wp-content/uploads/2017/01/portfolio-image-17.jpg,portfolio-image-17,,,h,http://bossakov.eu/temp/kaboom/wp-content/uploads/2017/01/portfolio-image-17.jpg,,"Graphic Design",,publish,1,petko,petko@bossakov.eu,,,superfiction,,,0,0,0,open,closed,20170113
1248,"Brain Food","[vc_row css="".vc_custom_1484300461025{padding-top: 4px !important;}""][vc_column][vc_column_text]Display your work in the best light. The collection of portfolio layouts and hover animations from Edge Themes ensures that your selected project always look amazing. Want to create your own style for your portfolio projects. No worries, you can use one the custom portfolio templates to do just that. Embed a portfolio list or selected projects onto any page. It’s easy, just add the portfolio list shortcode. Display your work in the best light. The collection of portfolio layouts and hover animations from Edge Themes ensures that your selected project always look amazing. Want to create your own style for portfolio projects. No worries, you can use one the custom portfolio templates to do just that.[/vc_column_text][/vc_column][/vc_row]","Lorem Ipsn gravida nibh vel velit auctor aliquet. Aene sollic consequat ipsutis sem nibh id elit. Duis sed nibh vel a  sit amet nibh vulputate. This is Lorem Ipsn vel velit auctor aliquet. This is Photoshop's version  of Lorem Ipsn gravida nibh vel velit auctor aliquet. Aene sollic consequat ipsutis sem nibh id elit. Duis sed odio sit amet nibh vulputate.",20170113,portfolio-item,http://bossakov.eu/temp/kaboom/portfolio-item/brain-food/,http://bossakov.eu/temp/kaboom/wp-content/uploads/2017/01/portfolio-image-16.jpg,portfolio-image-16,,,f,http://bossakov.eu/temp/kaboom/wp-content/uploads/2017/01/portfolio-image-16.jpg,,"Graphic Design",,publish,1,petko,petko@bossakov.eu,,,brain-food,,,0,0,0,open,closed,20170113
1267,"New Type of Imprint","[vc_row css="".vc_custom_1484300461025{padding-top: 4px !important;}""][vc_column][vc_column_text]Display your work in the best light. The collection of portfolio layouts and hover animations from Edge Themes ensures that your selected project always look amazing. Want to create your own style for your portfolio projects. No worries, you can use one the custom portfolio templates to do just that. Embed a portfolio list or selected projects onto any page. It’s easy, just add the portfolio list shortcode. Display your work in the best light. The collection of portfolio layouts and hover animations from Edge Themes ensures that your selected project always look amazing. Want to create your own style for portfolio projects. No worries, you can use one the custom portfolio templates to do just that.[/vc_column_text][/vc_column][/vc_row]","Lorem Ipsn gravida nibh vel velit auctor aliquet. Aene sollic consequat ipsutis sem nibh id elit. Duis sed nibh vel a  sit amet nibh vulputate. This is Lorem Ipsn vel velit auctor aliquet. This is Photoshop's version  of Lorem Ipsn gravida nibh vel velit auctor aliquet. Aene sollic consequat ipsutis sem nibh id elit. Duis sed odio sit amet nibh vulputate.",20170113,portfolio-item,http://bossakov.eu/temp/kaboom/portfolio-item/new-type-of-imprint/,http://bossakov.eu/temp/kaboom/wp-content/uploads/2017/01/portfolio-image-15.jpg,portfolio-image-15,,,j,http://bossakov.eu/temp/kaboom/wp-content/uploads/2017/01/portfolio-image-15.jpg,,"Graphic Design",,publish,1,petko,petko@bossakov.eu,,,new-type-of-imprint,,,0,0,0,open,closed,20170113
1273,Expressions,"[vc_row css="".vc_custom_1484300461025{padding-top: 4px !important;}""][vc_column][vc_column_text]Display your work in the best light. The collection of portfolio layouts and hover animations from Edge Themes ensures that your selected project always look amazing.[/vc_column_text][vc_empty_space height=""22px""][edgtf_button size="""" type="""" target=""_self"" icon_pack="""" font_weight="""" text=""PURCHASE"" link=""#"" color=""#ffffff"" hover_color=""#ffffff"" background_color=""#303030"" hover_background_color=""#565656"" border_color=""#303030"" hover_border_color=""#565656""][/vc_column][/vc_row]","Lorem Ipsn gravida nibh vel velit auctor aliquet. Aene sollic consequat ipsutis sem nibh id elit. Duis sed nibh vel a  sit amet nibh vulputate. This is Lorem Ipsn vel velit auctor aliquet. This is Photoshop's version  of Lorem Ipsn gravida nibh vel velit auctor aliquet. Aene sollic consequat ipsutis sem nibh id elit. Duis sed odio sit amet nibh vulputate.",20170113,portfolio-item,http://bossakov.eu/temp/kaboom/portfolio-item/expressions/,http://bossakov.eu/temp/kaboom/wp-content/uploads/2017/01/portfolio-image-14.jpg,portfolio-image-14,,,j,http://bossakov.eu/temp/kaboom/wp-content/uploads/2017/01/portfolio-image-14.jpg,,"Graphic Design",,publish,1,petko,petko@bossakov.eu,,,expressions,,,0,0,0,open,closed,20170113
1283,"Liquid Dreams","[vc_row css="".vc_custom_1484300461025{padding-top: 4px !important;}""][vc_column][vc_column_text]Display your work in the best light. The collection of portfolio layouts and hover animations from Edge Themes ensures that your selected project always look amazing.[/vc_column_text][vc_empty_space height=""22px""][edgtf_button size="""" type="""" target=""_self"" icon_pack="""" font_weight="""" text=""PURCHASE"" link=""#"" color=""#ffffff"" hover_color=""#ffffff"" background_color=""#303030"" hover_background_color=""#565656"" border_color=""#303030"" hover_border_color=""#565656""][/vc_column][/vc_row]","Lorem Ipsn gravida nibh vel velit auctor aliquet. Aene sollic consequat ipsutis sem nibh id elit. Duis sed nibh vel a  sit amet nibh vulputate. This is Lorem Ipsn vel velit auctor aliquet. This is Photoshop's version  of Lorem Ipsn gravida nibh vel velit auctor aliquet. Aene sollic consequat ipsutis sem nibh id elit. Duis sed odio sit amet nibh vulputate.",20170113,portfolio-item,http://bossakov.eu/temp/kaboom/portfolio-item/liquid-dreams/,http://bossakov.eu/temp/kaboom/wp-content/uploads/2017/01/portfolio-image-13.jpg,portfolio-image-13,,,k,http://bossakov.eu/temp/kaboom/wp-content/uploads/2017/01/portfolio-image-13.jpg,,"Graphic Design",,publish,1,petko,petko@bossakov.eu,,,liquid-dreams,,,0,0,0,open,closed,20170113
1287,"Three Spirits","[vc_row css="".vc_custom_1484300461025{padding-top: 4px !important;}""][vc_column][vc_column_text]Display your work in the best light. The collection of portfolio layouts and hover animations from Edge Themes ensures that your selected project always look amazing.[/vc_column_text][vc_empty_space height=""22px""][edgtf_button size="""" type="""" target=""_self"" icon_pack="""" font_weight="""" text=""PURCHASE"" link=""#"" color=""#ffffff"" hover_color=""#ffffff"" background_color=""#303030"" hover_background_color=""#565656"" border_color=""#303030"" hover_border_color=""#565656""][/vc_column][/vc_row]","Lorem Ipsn gravida nibh vel velit auctor aliquet. Aene sollic consequat ipsutis sem nibh id elit. Duis sed nibh vel a  sit amet nibh vulputate. This is Lorem Ipsn vel velit auctor aliquet. This is Photoshop's version  of Lorem Ipsn gravida nibh vel velit auctor aliquet. Aene sollic consequat ipsutis sem nibh id elit. Duis sed odio sit amet nibh vulputate.",20170113,portfolio-item,http://bossakov.eu/temp/kaboom/portfolio-item/three-spirits/,http://bossakov.eu/temp/kaboom/wp-content/uploads/2017/01/portfolio-image-19.jpg,portfolio-image-19,,,h,http://bossakov.eu/temp/kaboom/wp-content/uploads/2017/01/portfolio-image-19.jpg,,"Graphic Design>Print Design","Design|Digital Art",publish,1,petko,petko@bossakov.eu,,,three-spirits,,,0,0,0,open,closed,20170113
1293,"Selected Work","[vc_row css="".vc_custom_1484300461025{padding-top: 4px !important;}""][vc_column][vc_column_text]Display your work in the best light. The collection of portfolio layouts and hover animations from Edge Themes ensures that your selected project always look amazing. Want to create your own style for your portfolio projects. No worries, you can use one the custom portfolio templates to do just that. Embed a portfolio list or selected projects onto any page. It’s easy, just add the portfolio list shortcode. Display your work in the best light. The collection of portfolio layouts and hover animations from Edge Themes ensures that your selected project always look amazing. Want to create your own style for portfolio projects. No worries, you can use one the custom portfolio templates to do just that.[/vc_column_text][/vc_column][/vc_row]","Lorem Ipsn gravida nibh vel velit auctor aliquet. Aene sollic consequat ipsutis sem nibh id elit. Duis sed nibh vel a  sit amet nibh vulputate. This is Lorem Ipsn vel velit auctor aliquet. This is Photoshop's version  of Lorem Ipsn gravida nibh vel velit auctor aliquet. Aene sollic consequat ipsutis sem nibh id elit. Duis sed odio sit amet nibh vulputate.",20170113,portfolio-item,http://bossakov.eu/temp/kaboom/portfolio-item/selected-work/,http://bossakov.eu/temp/kaboom/wp-content/uploads/2017/01/portfolio-image-12.jpg,portfolio-image-12,,,g,http://bossakov.eu/temp/kaboom/wp-content/uploads/2017/01/portfolio-image-12.jpg,,"Graphic Design",,publish,1,petko,petko@bossakov.eu,,,selected-work,,,0,0,0,open,closed,20170113
1295,Paintwaves,"[vc_row css="".vc_custom_1484300461025{padding-top: 4px !important;}""][vc_column][vc_column_text]Display your work in the best light. The collection of portfolio layouts and hover animations from Edge Themes ensures that your selected project always look amazing.[/vc_column_text][vc_empty_space height=""22px""][edgtf_button size="""" type="""" target=""_self"" icon_pack="""" font_weight="""" text=""PURCHASE"" link=""#"" color=""#ffffff"" hover_color=""#ffffff"" background_color=""#303030"" hover_background_color=""#565656"" border_color=""#303030"" hover_border_color=""#565656""][/vc_column][/vc_row]","Lorem Ipsn gravida nibh vel velit auctor aliquet. Aene sollic consequat ipsutis sem nibh id elit. Duis sed nibh vel a  sit amet nibh vulputate. This is Lorem Ipsn vel velit auctor aliquet. This is Photoshop's version  of Lorem Ipsn gravida nibh vel velit auctor aliquet. Aene sollic consequat ipsutis sem nibh id elit. Duis sed odio sit amet nibh vulputate.",20170113,portfolio-item,http://bossakov.eu/temp/kaboom/portfolio-item/paintwaves/,http://bossakov.eu/temp/kaboom/wp-content/uploads/2017/01/portfolio-image-11.jpg,portfolio-image-11,,,j,http://bossakov.eu/temp/kaboom/wp-content/uploads/2017/01/portfolio-image-11.jpg,,"Graphic Design>Cartooning",,publish,1,petko,petko@bossakov.eu,,,paintwaves,,,0,0,0,open,closed,20170113
1306,"Gradient Moods","[vc_row css="".vc_custom_1484300461025{padding-top: 4px !important;}""][vc_column][vc_column_text]Display your work in the best light. The collection of portfolio layouts and hover animations from Edge Themes ensures that your selected project always look amazing.[/vc_column_text][vc_empty_space height=""22px""][edgtf_button size="""" type="""" target=""_self"" icon_pack="""" font_weight="""" text=""PURCHASE"" link=""#"" color=""#ffffff"" hover_color=""#ffffff"" background_color=""#303030"" hover_background_color=""#565656"" border_color=""#303030"" hover_border_color=""#565656""][/vc_column][/vc_row]","Lorem Ipsn gravida nibh vel velit auctor aliquet. Aene sollic consequat ipsutis sem nibh id elit. Duis sed nibh vel a  sit amet nibh vulputate. This is Lorem Ipsn vel velit auctor aliquet. This is Photoshop's version  of Lorem Ipsn gravida nibh vel velit auctor aliquet. Aene sollic consequat ipsutis sem nibh id elit. Duis sed odio sit amet nibh vulputate.",20170113,portfolio-item,http://bossakov.eu/temp/kaboom/portfolio-item/gradient-moods/,http://bossakov.eu/temp/kaboom/wp-content/uploads/2017/01/portfolio-image-10.jpg,portfolio-image-10,,,x,http://bossakov.eu/temp/kaboom/wp-content/uploads/2017/01/portfolio-image-10.jpg,,"Graphic Design>Print Design",,publish,1,petko,petko@bossakov.eu,,,gradient-moods,,,0,0,0,open,closed,20170113
1312,"Purple Matter","[vc_row css="".vc_custom_1484300461025{padding-top: 4px !important;}""][vc_column][vc_column_text]Display your work in the best light. The collection of portfolio layouts and hover animations from Edge Themes ensures that your selected project always look amazing. Want to create your own style for your portfolio projects. No worries, you can use one the custom portfolio templates to do just that. Embed a portfolio list or selected projects onto any page. It’s easy, just add the portfolio list shortcode. Display your work in the best light. The collection of portfolio layouts and hover animations from Edge Themes ensures that your selected project always look amazing. Want to create your own style for portfolio projects.[/vc_column_text][/vc_column][/vc_row]","Lorem Ipsn gravida nibh vel velit auctor aliquet. Aene sollic consequat ipsutis sem nibh id elit. Duis sed nibh vel a  sit amet nibh vulputate. This is Lorem Ipsn vel velit auctor aliquet. This is Photoshop's version  of Lorem Ipsn gravida nibh vel velit auctor aliquet. Aene sollic consequat ipsutis sem nibh id elit. Duis sed odio sit amet nibh vulputate.",20170116,portfolio-item,http://bossakov.eu/temp/kaboom/portfolio-item/purple-matter/,http://bossakov.eu/temp/kaboom/wp-content/uploads/2017/01/portfolio-image-9.jpg,portfolio-image-9,,,f,http://bossakov.eu/temp/kaboom/wp-content/uploads/2017/01/portfolio-image-9.jpg,,"Graphic Design",,publish,1,petko,petko@bossakov.eu,,,purple-matter,,,0,0,0,open,closed,20170116
1327,"Paint & Love","[vc_row css="".vc_custom_1484556300134{padding-top: 4px !important;}""][vc_column][vc_column_text]Display your work in the best light. The collection of portfolio layouts and hover animations from Edge Themes ensures that your selected project always look amazing. Want to create your own style for your portfolio projects. No worries, you can use one the custom portfolio templates to do just that.[/vc_column_text][vc_empty_space][edgtf_button size="""" type="""" target=""_self"" icon_pack="""" font_weight="""" text=""PURCHASE"" link=""#"" color=""#ffffff"" hover_color=""#ffffff"" background_color=""#303030"" hover_background_color=""#565656"" border_color=""#303030"" hover_border_color=""#565656""][/vc_column][/vc_row]","Lorem Ipsn gravida nibh vel velit auctor aliquet. Aene sollic consequat ipsutis sem nibh id elit. Duis sed nibh vel a  sit amet nibh vulputate. This is Lorem Ipsn vel velit auctor aliquet. This is Photoshop's version  of Lorem Ipsn gravida nibh vel velit auctor aliquet. Aene sollic consequat ipsutis sem nibh id elit. Duis sed odio sit amet nibh vulputate.",20170113,portfolio-item,http://bossakov.eu/temp/kaboom/portfolio-item/paint-love/,http://bossakov.eu/temp/kaboom/wp-content/uploads/2017/01/portfolio-image-8.jpg,portfolio-image-8,,,g,http://bossakov.eu/temp/kaboom/wp-content/uploads/2017/01/portfolio-image-8.jpg,,"Graphic Design>Pattern Design",,publish,1,petko,petko@bossakov.eu,,,paint-love,,,0,0,0,open,closed,20170113
1335,"Music Production","[vc_row css="".vc_custom_1484300461025{padding-top: 4px !important;}""][vc_column][vc_column_text]Display your work in the best light. The collection of portfolio layouts and hover animations from Edge Themes ensures that your selected project always look amazing.[/vc_column_text][vc_empty_space height=""22px""][edgtf_button size="""" type="""" target=""_self"" icon_pack="""" font_weight="""" text=""PURCHASE"" link=""#"" color=""#ffffff"" hover_color=""#ffffff"" background_color=""#303030"" hover_background_color=""#565656"" border_color=""#303030"" hover_border_color=""#565656""][/vc_column][/vc_row]","Lorem Ipsn gravida nibh vel velit auctor aliquet. Aene sollic consequat ipsutis sem nibh id elit. Duis sed nibh vel a  sit amet nibh vulputate. This is Lorem Ipsn vel velit auctor aliquet. This is Photoshop's version  of Lorem Ipsn gravida nibh vel velit auctor aliquet. Aene sollic consequat ipsutis sem nibh id elit. Duis sed odio sit amet nibh vulputate.",20170116,portfolio-item,http://bossakov.eu/temp/kaboom/portfolio-item/music-production/,http://bossakov.eu/temp/kaboom/wp-content/uploads/2017/01/portfolio-image-7.jpg,portfolio-image-7,,,j,http://bossakov.eu/temp/kaboom/wp-content/uploads/2017/01/portfolio-image-7.jpg,,"Graphic Design>Print Design",,publish,1,petko,petko@bossakov.eu,,,music-production,,,0,0,0,open,closed,20170116
1337,"Coffee Branding","[vc_row css="".vc_custom_1484300461025{padding-top: 4px !important;}""][vc_column][vc_column_text]Display your work in the best light. The collection of portfolio layouts and hover animations from Edge Themes ensures that your selected project always look amazing.[/vc_column_text][vc_empty_space height=""22px""][edgtf_button size="""" type="""" target=""_self"" icon_pack="""" font_weight="""" text=""PURCHASE"" link=""#"" color=""#ffffff"" hover_color=""#ffffff"" background_color=""#303030"" hover_background_color=""#565656"" border_color=""#303030"" hover_border_color=""#565656""][/vc_column][/vc_row]","Lorem Ipsn gravida nibh vel velit auctor aliquet. Aene sollic consequat ipsutis sem nibh id elit. Duis sed nibh vel a  sit amet nibh vulputate. This is Lorem Ipsn vel velit auctor aliquet. This is Photoshop's version  of Lorem Ipsn gravida nibh vel velit auctor aliquet. Aene sollic consequat ipsutis sem nibh id elit. Duis sed odio sit amet nibh vulputate.",20170116,portfolio-item,http://bossakov.eu/temp/kaboom/portfolio-item/coffee-branding/,http://bossakov.eu/temp/kaboom/wp-content/uploads/2017/01/portfolio-image-6.jpg,portfolio-image-6,,,h,http://bossakov.eu/temp/kaboom/wp-content/uploads/2017/01/portfolio-image-6.jpg,,"Graphic Design>Print Design",,publish,1,petko,petko@bossakov.eu,,,coffee-branding,,,0,0,0,open,closed,20170116
1339,Doodles,"[vc_row css="".vc_custom_1484300461025{padding-top: 4px !important;}""][vc_column][vc_column_text]Display your work in the best light. The collection of portfolio layouts and hover animations from Edge Themes ensures that your selected project always look amazing.[/vc_column_text][vc_empty_space height=""22px""][edgtf_button size="""" type="""" target=""_self"" icon_pack="""" font_weight="""" text=""PURCHASE"" link=""#"" color=""#ffffff"" hover_color=""#ffffff"" background_color=""#303030"" hover_background_color=""#565656"" border_color=""#303030"" hover_border_color=""#565656""][/vc_column][/vc_row]","Lorem Ipsn gravida nibh vel velit auctor aliquet. Aene sollic consequat ipsutis sem nibh id elit. Duis sed nibh vel a  sit amet nibh vulputate. This is Lorem Ipsn vel velit auctor aliquet. This is Photoshop's version  of Lorem Ipsn gravida nibh vel velit auctor aliquet. Aene sollic consequat ipsutis sem nibh id elit. Duis sed odio sit amet nibh vulputate.",20170116,portfolio-item,http://bossakov.eu/temp/kaboom/portfolio-item/doodles/,http://bossakov.eu/temp/kaboom/wp-content/uploads/2017/01/portfolio-image-5.jpg,portfolio-image-5,,,u,http://bossakov.eu/temp/kaboom/wp-content/uploads/2017/01/portfolio-image-5.jpg,,"Graphic Design",,publish,1,petko,petko@bossakov.eu,,,doodles,,,0,0,0,open,closed,20170116
1341,"Another Art","[vc_row css="".vc_custom_1484300461025{padding-top: 4px !important;}""][vc_column][vc_column_text]Display your work in the best light. The collection of portfolio layouts and hover animations from Edge Themes ensures that your selected project always look amazing.[/vc_column_text][vc_empty_space height=""22px""][edgtf_button size="""" type="""" target=""_self"" icon_pack="""" font_weight="""" text=""PURCHASE"" link=""#"" color=""#ffffff"" hover_color=""#ffffff"" background_color=""#303030"" hover_background_color=""#565656"" border_color=""#303030"" hover_border_color=""#565656""][/vc_column][/vc_row]","Lorem Ipsn gravida nibh vel velit auctor aliquet. Aene sollic consequat ipsutis sem nibh id elit. Duis sed nibh vel a  sit amet nibh vulputate. This is Lorem Ipsn vel velit auctor aliquet. This is Photoshop's version  of Lorem Ipsn gravida nibh vel velit auctor aliquet. Aene sollic consequat ipsutis sem nibh id elit. Duis sed odio sit amet nibh vulputate.",20170116,portfolio-item,http://bossakov.eu/temp/kaboom/portfolio-item/another-art/,http://bossakov.eu/temp/kaboom/wp-content/uploads/2017/01/portfolio-image-4.jpg,portfolio-image-4,,,h,http://bossakov.eu/temp/kaboom/wp-content/uploads/2017/01/portfolio-image-4.jpg,,"Graphic Design",,publish,1,petko,petko@bossakov.eu,,,another-art,,,0,0,0,open,closed,20170116
1343,"Your Magazine Layout","[vc_row css="".vc_custom_1484300461025{padding-top: 4px !important;}""][vc_column][vc_column_text]Display your work in the best light. The collection of portfolio layouts and hover animations from Edge Themes ensures that your selected project always look amazing.[/vc_column_text][vc_empty_space height=""22px""][edgtf_button size="""" type="""" target=""_self"" icon_pack="""" font_weight="""" text=""PURCHASE"" link=""#"" color=""#ffffff"" hover_color=""#ffffff"" background_color=""#303030"" hover_background_color=""#565656"" border_color=""#303030"" hover_border_color=""#565656""][/vc_column][/vc_row]","Lorem Ipsn gravida nibh vel velit auctor aliquet. Aene sollic consequat ipsutis sem nibh id elit. Duis sed nibh vel a  sit amet nibh vulputate. This is Lorem Ipsn vel velit auctor aliquet. This is Photoshop's version  of Lorem Ipsn gravida nibh vel velit auctor aliquet. Aene sollic consequat ipsutis sem nibh id elit. Duis sed odio sit amet nibh vulputate.",20170116,portfolio-item,http://bossakov.eu/temp/kaboom/portfolio-item/your-magazine-layout/,http://bossakov.eu/temp/kaboom/wp-content/uploads/2017/01/portfolio-image-3.jpg,portfolio-image-3,,,h,http://bossakov.eu/temp/kaboom/wp-content/uploads/2017/01/portfolio-image-3.jpg,,"Graphic Design",,publish,1,petko,petko@bossakov.eu,,,your-magazine-layout,,,0,0,0,open,closed,20170116
1346,"A Place For Ideas","[vc_row css="".vc_custom_1484300461025{padding-top: 4px !important;}""][vc_column][vc_column_text]Display your work in the best light. The collection of portfolio layouts and hover animations from Edge Themes ensures that your selected project always look amazing.[/vc_column_text][vc_empty_space height=""22px""][edgtf_button size="""" type="""" target=""_self"" icon_pack="""" font_weight="""" text=""PURCHASE"" link=""#"" color=""#ffffff"" hover_color=""#ffffff"" background_color=""#303030"" hover_background_color=""#565656"" border_color=""#303030"" hover_border_color=""#565656""][/vc_column][/vc_row]","Lorem Ipsn gravida nibh vel velit auctor aliquet. Aene sollic consequat ipsutis sem nibh id elit. Duis sed nibh vel a  sit amet nibh vulputate. This is Lorem Ipsn vel velit auctor aliquet. This is Photoshop's version  of Lorem Ipsn gravida nibh vel velit auctor aliquet. Aene sollic consequat ipsutis sem nibh id elit. Duis sed odio sit amet nibh vulputate.",20170116,portfolio-item,http://bossakov.eu/temp/kaboom/portfolio-item/a-place-for-ideas/,http://bossakov.eu/temp/kaboom/wp-content/uploads/2017/01/portfolio-image-2.jpg,portfolio-image-2,,,y,http://bossakov.eu/temp/kaboom/wp-content/uploads/2017/01/portfolio-image-2.jpg,,"Graphic Design",,publish,1,petko,petko@bossakov.eu,,,a-place-for-ideas,,,0,0,0,open,closed,20170116
1348,"Native Universe","[vc_row css="".vc_custom_1484300461025{padding-top: 4px !important;}""][vc_column][vc_column_text]Display your work in the best light. The collection of portfolio layouts and hover animations from Edge Themes ensures that your selected project always look amazing.[/vc_column_text][vc_empty_space height=""22px""][edgtf_button size="""" type="""" target=""_self"" icon_pack="""" font_weight="""" text=""PURCHASE"" link=""#"" color=""#ffffff"" hover_color=""#ffffff"" background_color=""#303030"" hover_background_color=""#565656"" border_color=""#303030"" hover_border_color=""#565656""][/vc_column][/vc_row]","Lorem Ipsn gravida nibh vel velit auctor aliquet. Aene sollic consequat ipsutis sem nibh id elit. Duis sed nibh vel a  sit amet nibh vulputate. This is Lorem Ipsn vel velit auctor aliquet. This is Photoshop's version  of Lorem Ipsn gravida nibh vel velit auctor aliquet. Aene sollic consequat ipsutis sem nibh id elit. Duis sed odio sit amet nibh vulputate.",20170116,portfolio-item,http://bossakov.eu/temp/kaboom/portfolio-item/native-universe/,http://bossakov.eu/temp/kaboom/wp-content/uploads/2017/01/portfolio-image-1.jpg,portfolio-image-1,,,k,http://bossakov.eu/temp/kaboom/wp-content/uploads/2017/01/portfolio-image-1.jpg,,"Graphic Design",,publish,1,petko,petko@bossakov.eu,,,native-universe,,,0,0,0,open,closed,20170116
1365,"Brand Concept","[vc_row css="".vc_custom_1484300461025{padding-top: 4px !important;}""][vc_column][vc_column_text]Display your work in the best light. The collection of portfolio layouts and hover animations from Edge Themes ensures that your selected project always look amazing.[/vc_column_text][vc_empty_space height=""22px""][edgtf_button size="""" type="""" target=""_self"" icon_pack="""" font_weight="""" text=""PURCHASE"" link=""#"" color=""#ffffff"" hover_color=""#ffffff"" background_color=""#303030"" hover_background_color=""#565656"" border_color=""#303030"" hover_border_color=""#565656""][/vc_column][/vc_row]","Lorem Ipsn gravida nibh vel velit auctor aliquet. Aene sollic consequat ipsutis sem nibh id elit. Duis sed nibh vel a  sit amet nibh vulputate. This is Lorem Ipsn vel velit auctor aliquet. This is Photoshop's version  of Lorem Ipsn gravida nibh vel velit auctor aliquet. Aene sollic consequat ipsutis sem nibh id elit. Duis sed odio sit amet nibh vulputate.",20170116,portfolio-item,http://bossakov.eu/temp/kaboom/portfolio-item/brand-concept/,http://bossakov.eu/temp/kaboom/wp-content/uploads/2017/01/h7-port-img-1.jpg,h7-port-img-1,,,h,http://bossakov.eu/temp/kaboom/wp-content/uploads/2017/01/h7-port-img-1.jpg,,Illustration>Graphics|Illustration>Logo,,publish,1,petko,petko@bossakov.eu,,,brand-concept,,,0,0,0,open,closed,20170116
1369,"Website Concept","[vc_row css="".vc_custom_1484300461025{padding-top: 4px !important;}""][vc_column][vc_column_text]Display your work in the best light. The collection of portfolio layouts and hover animations from Edge Themes ensures that your selected project always look amazing.[/vc_column_text][vc_empty_space height=""22px""][edgtf_button size="""" type="""" target=""_self"" icon_pack="""" font_weight="""" text=""PURCHASE"" link=""#"" color=""#ffffff"" hover_color=""#ffffff"" background_color=""#303030"" hover_background_color=""#565656"" border_color=""#303030"" hover_border_color=""#565656""][/vc_column][/vc_row]","Lorem Ipsn gravida nibh vel velit auctor aliquet. Aene sollic consequat ipsutis sem nibh id elit. Duis sed nibh vel a  sit amet nibh vulputate. This is Lorem Ipsn vel velit auctor aliquet. This is Photoshop's version  of Lorem Ipsn gravida nibh vel velit auctor aliquet. Aene sollic consequat ipsutis sem nibh id elit. Duis sed odio sit amet nibh vulputate.",20170116,portfolio-item,http://bossakov.eu/temp/kaboom/portfolio-item/website-concept/,http://bossakov.eu/temp/kaboom/wp-content/uploads/2017/01/h7-port-img-2.jpg,h7-port-img-2,,,g,http://bossakov.eu/temp/kaboom/wp-content/uploads/2017/01/h7-port-img-2.jpg,,Illustration>Animation,,publish,1,petko,petko@bossakov.eu,,,website-concept,,,0,0,0,open,closed,20170116
1371,"Portfolio Highlights","[vc_row css="".vc_custom_1484300461025{padding-top: 4px !important;}""][vc_column][vc_column_text]Display your work in the best light. The collection of portfolio layouts and hover animations from Edge Themes ensures that your selected project always look amazing.[/vc_column_text][vc_empty_space height=""22px""][edgtf_button size="""" type="""" target=""_self"" icon_pack="""" font_weight="""" text=""PURCHASE"" link=""#"" color=""#ffffff"" hover_color=""#ffffff"" background_color=""#303030"" hover_background_color=""#565656"" border_color=""#303030"" hover_border_color=""#565656""][/vc_column][/vc_row]","Lorem Ipsn gravida nibh vel velit auctor aliquet. Aene sollic consequat ipsutis sem nibh id elit. Duis sed nibh vel a  sit amet nibh vulputate. This is Lorem Ipsn vel velit auctor aliquet. This is Photoshop's version  of Lorem Ipsn gravida nibh vel velit auctor aliquet. Aene sollic consequat ipsutis sem nibh id elit. Duis sed odio sit amet nibh vulputate.",20170116,portfolio-item,http://bossakov.eu/temp/kaboom/portfolio-item/portfolio-highlights/,http://bossakov.eu/temp/kaboom/wp-content/uploads/2017/01/h7-port-img-6.jpg,h7-port-img-6,,,g,http://bossakov.eu/temp/kaboom/wp-content/uploads/2017/01/h7-port-img-6.jpg,,Illustration>Logo,,publish,1,petko,petko@bossakov.eu,,,portfolio-highlights,,,0,0,0,open,closed,20170116
1373,"Self Promotion","[vc_row css="".vc_custom_1484300461025{padding-top: 4px !important;}""][vc_column][vc_column_text]Display your work in the best light. The collection of portfolio layouts and hover animations from Edge Themes ensures that your selected project always look amazing.[/vc_column_text][vc_empty_space height=""22px""][edgtf_button size="""" type="""" target=""_self"" icon_pack="""" font_weight="""" text=""PURCHASE"" link=""#"" color=""#ffffff"" hover_color=""#ffffff"" background_color=""#303030"" hover_background_color=""#565656"" border_color=""#303030"" hover_border_color=""#565656""][/vc_column][/vc_row]","Lorem Ipsn gravida nibh vel velit auctor aliquet. Aene sollic consequat ipsutis sem nibh id elit. Duis sed nibh vel a  sit amet nibh vulputate. This is Lorem Ipsn vel velit auctor aliquet. This is Photoshop's version  of Lorem Ipsn gravida nibh vel velit auctor aliquet. Aene sollic consequat ipsutis sem nibh id elit. Duis sed odio sit amet nibh vulputate.",20170116,portfolio-item,http://bossakov.eu/temp/kaboom/portfolio-item/self-promotion/,http://bossakov.eu/temp/kaboom/wp-content/uploads/2017/01/h7-port-img-3.jpg,h7-port-img-3,,,g,http://bossakov.eu/temp/kaboom/wp-content/uploads/2017/01/h7-port-img-3.jpg,,Illustration>Stickers,,publish,1,petko,petko@bossakov.eu,,,self-promotion,,,0,0,0,open,closed,20170116
1377,Surrealism,"[vc_row css="".vc_custom_1484300461025{padding-top: 4px !important;}""][vc_column][vc_column_text]Display your work in the best light. The collection of portfolio layouts and hover animations from Edge Themes ensures that your selected project always look amazing.[/vc_column_text][vc_empty_space height=""22px""][edgtf_button size="""" type="""" target=""_self"" icon_pack="""" font_weight="""" text=""PURCHASE"" link=""#"" color=""#ffffff"" hover_color=""#ffffff"" background_color=""#303030"" hover_background_color=""#565656"" border_color=""#303030"" hover_border_color=""#565656""][/vc_column][/vc_row]","Lorem Ipsn gravida nibh vel velit auctor aliquet. Aene sollic consequat ipsutis sem nibh id elit. Duis sed nibh vel a  sit amet nibh vulputate. This is Lorem Ipsn vel velit auctor aliquet. This is Photoshop's version  of Lorem Ipsn gravida nibh vel velit auctor aliquet. Aene sollic consequat ipsutis sem nibh id elit. Duis sed odio sit amet nibh vulputate.",20170116,portfolio-item,http://bossakov.eu/temp/kaboom/portfolio-item/surrealism/,http://bossakov.eu/temp/kaboom/wp-content/uploads/2017/01/h7-port-img-7.jpg,h7-port-img-7,,,g,http://bossakov.eu/temp/kaboom/wp-content/uploads/2017/01/h7-port-img-7.jpg,,Illustration>Animation,,publish,1,petko,petko@bossakov.eu,,,surrealism,,,0,0,0,open,closed,20170116
1379,Alien,"[vc_row css="".vc_custom_1484300461025{padding-top: 4px !important;}""][vc_column][vc_column_text]Display your work in the best light. The collection of portfolio layouts and hover animations from Edge Themes ensures that your selected project always look amazing.[/vc_column_text][vc_empty_space height=""22px""][edgtf_button size="""" type="""" target=""_self"" icon_pack="""" font_weight="""" text=""PURCHASE"" link=""#"" color=""#ffffff"" hover_color=""#ffffff"" background_color=""#303030"" hover_background_color=""#565656"" border_color=""#303030"" hover_border_color=""#565656""][/vc_column][/vc_row]","Lorem Ipsn gravida nibh vel velit auctor aliquet. Aene sollic consequat ipsutis sem nibh id elit. Duis sed nibh vel a  sit amet nibh vulputate. This is Lorem Ipsn vel velit auctor aliquet. This is Photoshop's version  of Lorem Ipsn gravida nibh vel velit auctor aliquet. Aene sollic consequat ipsutis sem nibh id elit. Duis sed odio sit amet nibh vulputate.",20170116,portfolio-item,http://bossakov.eu/temp/kaboom/portfolio-item/alien/,http://bossakov.eu/temp/kaboom/wp-content/uploads/2017/01/h7-port-img-8.jpg,h7-port-img-8,,,n,http://bossakov.eu/temp/kaboom/wp-content/uploads/2017/01/h7-port-img-8.jpg,,Illustration>Graphics|Illustration>Stickers,,publish,1,petko,petko@bossakov.eu,,,alien,,,0,0,0,open,closed,20170116
1381,"Cosmos of Light","[vc_row css="".vc_custom_1484300461025{padding-top: 4px !important;}""][vc_column][vc_column_text]Display your work in the best light. The collection of portfolio layouts and hover animations from Edge Themes ensures that your selected project always look amazing.[/vc_column_text][vc_empty_space height=""22px""][edgtf_button size="""" type="""" target=""_self"" icon_pack="""" font_weight="""" text=""PURCHASE"" link=""#"" color=""#ffffff"" hover_color=""#ffffff"" background_color=""#303030"" hover_background_color=""#565656"" border_color=""#303030"" hover_border_color=""#565656""][/vc_column][/vc_row]","Lorem Ipsn gravida nibh vel velit auctor aliquet. Aene sollic consequat ipsutis sem nibh id elit. Duis sed nibh vel a  sit amet nibh vulputate. This is Lorem Ipsn vel velit auctor aliquet. This is Photoshop's version  of Lorem Ipsn gravida nibh vel velit auctor aliquet. Aene sollic consequat ipsutis sem nibh id elit. Duis sed odio sit amet nibh vulputate.",20170116,portfolio-item,http://bossakov.eu/temp/kaboom/portfolio-item/cosmos-of-light/,http://bossakov.eu/temp/kaboom/wp-content/uploads/2017/01/h7-port-img-9.jpg,h7-port-img-9,,,h,http://bossakov.eu/temp/kaboom/wp-content/uploads/2017/01/h7-port-img-9.jpg,,Illustration>Drawing,,publish,1,petko,petko@bossakov.eu,,,cosmos-of-light,,,0,0,0,open,closed,20170116
1383,Relativity,"[vc_row css="".vc_custom_1484300461025{padding-top: 4px !important;}""][vc_column][vc_column_text]Display your work in the best light. The collection of portfolio layouts and hover animations from Edge Themes ensures that your selected project always look amazing.[/vc_column_text][vc_empty_space height=""22px""][edgtf_button size="""" type="""" target=""_self"" icon_pack="""" font_weight="""" text=""PURCHASE"" link=""#"" color=""#ffffff"" hover_color=""#ffffff"" background_color=""#303030"" hover_background_color=""#565656"" border_color=""#303030"" hover_border_color=""#565656""][/vc_column][/vc_row]","Lorem Ipsn gravida nibh vel velit auctor aliquet. Aene sollic consequat ipsutis sem nibh id elit. Duis sed nibh vel a  sit amet nibh vulputate. This is Lorem Ipsn vel velit auctor aliquet. This is Photoshop's version  of Lorem Ipsn gravida nibh vel velit auctor aliquet. Aene sollic consequat ipsutis sem nibh id elit. Duis sed odio sit amet nibh vulputate.",20170116,portfolio-item,http://bossakov.eu/temp/kaboom/portfolio-item/relativity/,http://bossakov.eu/temp/kaboom/wp-content/uploads/2017/01/h7-port-img-10.jpg,h7-port-img-10,,,h,http://bossakov.eu/temp/kaboom/wp-content/uploads/2017/01/h7-port-img-10.jpg,,Illustration>Drawing,,publish,1,petko,petko@bossakov.eu,,,relativity,,,0,0,0,open,closed,20170116
1385,"Various Scenes","[vc_row css="".vc_custom_1484300461025{padding-top: 4px !important;}""][vc_column][vc_column_text]Display your work in the best light. The collection of portfolio layouts and hover animations from Edge Themes ensures that your selected project always look amazing.[/vc_column_text][vc_empty_space height=""22px""][edgtf_button size="""" type="""" target=""_self"" icon_pack="""" font_weight="""" text=""PURCHASE"" link=""#"" color=""#ffffff"" hover_color=""#ffffff"" background_color=""#303030"" hover_background_color=""#565656"" border_color=""#303030"" hover_border_color=""#565656""][/vc_column][/vc_row]","Lorem Ipsn gravida nibh vel velit auctor aliquet. Aene sollic consequat ipsutis sem nibh id elit. Duis sed nibh vel a  sit amet nibh vulputate. This is Lorem Ipsn vel velit auctor aliquet. This is Photoshop's version  of Lorem Ipsn gravida nibh vel velit auctor aliquet. Aene sollic consequat ipsutis sem nibh id elit. Duis sed odio sit amet nibh vulputate.",20170116,portfolio-item,http://bossakov.eu/temp/kaboom/portfolio-item/various-scenes/,http://bossakov.eu/temp/kaboom/wp-content/uploads/2017/01/h7-port-img-11.jpg,h7-port-img-11,,,h,http://bossakov.eu/temp/kaboom/wp-content/uploads/2017/01/h7-port-img-11.jpg,,Illustration>Animation,,publish,1,petko,petko@bossakov.eu,,,various-scenes,,,0,0,0,open,closed,20170116
1387,"Magic Jar","[vc_row css="".vc_custom_1484300461025{padding-top: 4px !important;}""][vc_column][vc_column_text]Display your work in the best light. The collection of portfolio layouts and hover animations from Edge Themes ensures that your selected project always look amazing.[/vc_column_text][vc_empty_space height=""22px""][edgtf_button size="""" type="""" target=""_self"" icon_pack="""" font_weight="""" text=""PURCHASE"" link=""#"" color=""#ffffff"" hover_color=""#ffffff"" background_color=""#303030"" hover_background_color=""#565656"" border_color=""#303030"" hover_border_color=""#565656""][/vc_column][/vc_row]","Lorem Ipsn gravida nibh vel velit auctor aliquet. Aene sollic consequat ipsutis sem nibh id elit. Duis sed nibh vel a  sit amet nibh vulputate. This is Lorem Ipsn vel velit auctor aliquet. This is Photoshop's version  of Lorem Ipsn gravida nibh vel velit auctor aliquet. Aene sollic consequat ipsutis sem nibh id elit. Duis sed odio sit amet nibh vulputate.",20170116,portfolio-item,http://bossakov.eu/temp/kaboom/portfolio-item/magic-jar/,http://bossakov.eu/temp/kaboom/wp-content/uploads/2017/01/h7-port-img-12.jpg,h7-port-img-12,,,g,http://bossakov.eu/temp/kaboom/wp-content/uploads/2017/01/h7-port-img-12.jpg,,Illustration>Graphics,,publish,1,petko,petko@bossakov.eu,,,magic-jar,,,0,0,0,open,closed,20170116
1389,"Alter Ego","[vc_row css="".vc_custom_1484300461025{padding-top: 4px !important;}""][vc_column][vc_column_text]Display your work in the best light. The collection of portfolio layouts and hover animations from Edge Themes ensures that your selected project always look amazing.[/vc_column_text][vc_empty_space height=""22px""][edgtf_button size="""" type="""" target=""_self"" icon_pack="""" font_weight="""" text=""PURCHASE"" link=""#"" color=""#ffffff"" hover_color=""#ffffff"" background_color=""#303030"" hover_background_color=""#565656"" border_color=""#303030"" hover_border_color=""#565656""][/vc_column][/vc_row]","Lorem Ipsn gravida nibh vel velit auctor aliquet. Aene sollic consequat ipsutis sem nibh id elit. Duis sed nibh vel a  sit amet nibh vulputate. This is Lorem Ipsn vel velit auctor aliquet. This is Photoshop's version  of Lorem Ipsn gravida nibh vel velit auctor aliquet. Aene sollic consequat ipsutis sem nibh id elit. Duis sed odio sit amet nibh vulputate.",20170116,portfolio-item,http://bossakov.eu/temp/kaboom/portfolio-item/alter-ego/,http://bossakov.eu/temp/kaboom/wp-content/uploads/2017/01/h7-port-img-13.jpg,h7-port-img-13,,,f,http://bossakov.eu/temp/kaboom/wp-content/uploads/2017/01/h7-port-img-13.jpg,,Illustration>Logo,,publish,1,petko,petko@bossakov.eu,,,alter-ego,,,0,0,0,open,closed,20170116
1391,"Still Not A Vegan","[vc_row css="".vc_custom_1484300461025{padding-top: 4px !important;}""][vc_column][vc_column_text]Display your work in the best light. The collection of portfolio layouts and hover animations from Edge Themes ensures that your selected project always look amazing.[/vc_column_text][vc_empty_space height=""22px""][edgtf_button size="""" type="""" target=""_self"" icon_pack="""" font_weight="""" text=""PURCHASE"" link=""#"" color=""#ffffff"" hover_color=""#ffffff"" background_color=""#303030"" hover_background_color=""#565656"" border_color=""#303030"" hover_border_color=""#565656""][/vc_column][/vc_row]","Lorem Ipsn gravida nibh vel velit auctor aliquet. Aene sollic consequat ipsutis sem nibh id elit. Duis sed nibh vel a  sit amet nibh vulputate. This is Lorem Ipsn vel velit auctor aliquet. This is Photoshop's version  of Lorem Ipsn gravida nibh vel velit auctor aliquet. Aene sollic consequat ipsutis sem nibh id elit. Duis sed odio sit amet nibh vulputate.",20170116,portfolio-item,http://bossakov.eu/temp/kaboom/portfolio-item/still-not-a-vegan/,http://bossakov.eu/temp/kaboom/wp-content/uploads/2017/01/h7-port-img-14.jpg,h7-port-img-14,,,f,http://bossakov.eu/temp/kaboom/wp-content/uploads/2017/01/h7-port-img-14.jpg,,Illustration>Stickers,,publish,1,petko,petko@bossakov.eu,,,still-not-a-vegan,,,0,0,0,open,closed,20170116
1393,"Autumn Time","[vc_row css="".vc_custom_1484300461025{padding-top: 4px !important;}""][vc_column][vc_column_text]Display your work in the best light. The collection of portfolio layouts and hover animations from Edge Themes ensures that your selected project always look amazing.[/vc_column_text][vc_empty_space height=""22px""][edgtf_button size="""" type="""" target=""_self"" icon_pack="""" font_weight="""" text=""PURCHASE"" link=""#"" color=""#ffffff"" hover_color=""#ffffff"" background_color=""#303030"" hover_background_color=""#565656"" border_color=""#303030"" hover_border_color=""#565656""][/vc_column][/vc_row]","Lorem Ipsn gravida nibh vel velit auctor aliquet. Aene sollic consequat ipsutis sem nibh id elit. Duis sed nibh vel a  sit amet nibh vulputate. This is Lorem Ipsn vel velit auctor aliquet. This is Photoshop's version  of Lorem Ipsn gravida nibh vel velit auctor aliquet. Aene sollic consequat ipsutis sem nibh id elit. Duis sed odio sit amet nibh vulputate.",20170116,portfolio-item,http://bossakov.eu/temp/kaboom/portfolio-item/autumn-time/,http://bossakov.eu/temp/kaboom/wp-content/uploads/2017/01/h7-port-img-15.jpg,h7-port-img-15,,,y,http://bossakov.eu/temp/kaboom/wp-content/uploads/2017/01/h7-port-img-15.jpg,,Illustration>Stickers,,publish,1,petko,petko@bossakov.eu,,,autumn-time,,,0,0,0,open,closed,20170116
1395,"All Eyes On You","[vc_row css="".vc_custom_1484300461025{padding-top: 4px !important;}""][vc_column][vc_column_text]Display your work in the best light. The collection of portfolio layouts and hover animations from Edge Themes ensures that your selected project always look amazing.[/vc_column_text][vc_empty_space height=""22px""][edgtf_button size="""" type="""" target=""_self"" icon_pack="""" font_weight="""" text=""PURCHASE"" link=""#"" color=""#ffffff"" hover_color=""#ffffff"" background_color=""#303030"" hover_background_color=""#565656"" border_color=""#303030"" hover_border_color=""#565656""][/vc_column][/vc_row]","Lorem Ipsn gravida nibh vel velit auctor aliquet. Aene sollic consequat ipsutis sem nibh id elit. Duis sed nibh vel a  sit amet nibh vulputate. This is Lorem Ipsn vel velit auctor aliquet. This is Photoshop's version  of Lorem Ipsn gravida nibh vel velit auctor aliquet. Aene sollic consequat ipsutis sem nibh id elit. Duis sed odio sit amet nibh vulputate.",20170116,portfolio-item,http://bossakov.eu/temp/kaboom/portfolio-item/all-eyes-on-you/,http://bossakov.eu/temp/kaboom/wp-content/uploads/2017/01/h7-port-img-16.jpg,h7-port-img-16,,,h,http://bossakov.eu/temp/kaboom/wp-content/uploads/2017/01/h7-port-img-16.jpg,,Illustration>Drawing|Illustration>Graphics,,publish,1,petko,petko@bossakov.eu,,,all-eyes-on-you,,,0,0,0,open,closed,20170116
1397,"Dropped Inspiration","[vc_row css="".vc_custom_1484300461025{padding-top: 4px !important;}""][vc_column][vc_column_text]Display your work in the best light. The collection of portfolio layouts and hover animations from Edge Themes ensures that your selected project always look amazing.[/vc_column_text][vc_empty_space height=""22px""][edgtf_button size="""" type="""" target=""_self"" icon_pack="""" font_weight="""" text=""PURCHASE"" link=""#"" color=""#ffffff"" hover_color=""#ffffff"" background_color=""#303030"" hover_background_color=""#565656"" border_color=""#303030"" hover_border_color=""#565656""][/vc_column][/vc_row]","Lorem Ipsn gravida nibh vel velit auctor aliquet. Aene sollic consequat ipsutis sem nibh id elit. Duis sed nibh vel a  sit amet nibh vulputate. This is Lorem Ipsn vel velit auctor aliquet. This is Photoshop's version  of Lorem Ipsn gravida nibh vel velit auctor aliquet. Aene sollic consequat ipsutis sem nibh id elit. Duis sed odio sit amet nibh vulputate.",20170116,portfolio-item,http://bossakov.eu/temp/kaboom/portfolio-item/dropped-inspiration/,http://bossakov.eu/temp/kaboom/wp-content/uploads/2017/01/h7-port-img-17.jpg,h7-port-img-17,,,h,http://bossakov.eu/temp/kaboom/wp-content/uploads/2017/01/h7-port-img-17.jpg,,Illustration>Drawing|Illustration>Graphics,,publish,1,petko,petko@bossakov.eu,,,dropped-inspiration,,,0,0,0,open,closed,20170116
1399,"Sweet Monsters","[vc_row css="".vc_custom_1484300461025{padding-top: 4px !important;}""][vc_column][vc_column_text]Display your work in the best light. The collection of portfolio layouts and hover animations from Edge Themes ensures that your selected project always look amazing.[/vc_column_text][vc_empty_space height=""22px""][edgtf_button size="""" type="""" target=""_self"" icon_pack="""" font_weight="""" text=""PURCHASE"" link=""#"" color=""#ffffff"" hover_color=""#ffffff"" background_color=""#303030"" hover_background_color=""#565656"" border_color=""#303030"" hover_border_color=""#565656""][/vc_column][/vc_row]","Lorem Ipsn gravida nibh vel velit auctor aliquet. Aene sollic consequat ipsutis sem nibh id elit. Duis sed nibh vel a  sit amet nibh vulputate. This is Lorem Ipsn vel velit auctor aliquet. This is Photoshop's version  of Lorem Ipsn gravida nibh vel velit auctor aliquet. Aene sollic consequat ipsutis sem nibh id elit. Duis sed odio sit amet nibh vulputate.",20170116,portfolio-item,http://bossakov.eu/temp/kaboom/portfolio-item/sweet-monsters/,http://bossakov.eu/temp/kaboom/wp-content/uploads/2017/01/h7-port-img-18.jpg,h7-port-img-18,,,h,http://bossakov.eu/temp/kaboom/wp-content/uploads/2017/01/h7-port-img-18.jpg,,Illustration>Logo|Illustration>Stickers,,publish,1,petko,petko@bossakov.eu,,,sweet-monsters,,,0,0,0,open,closed,20170116
1401,"Stay Weird","[vc_row css="".vc_custom_1484300461025{padding-top: 4px !important;}""][vc_column][vc_column_text]Display your work in the best light. The collection of portfolio layouts and hover animations from Edge Themes ensures that your selected project always look amazing.[/vc_column_text][vc_empty_space height=""22px""][edgtf_button size="""" type="""" target=""_self"" icon_pack="""" font_weight="""" text=""PURCHASE"" link=""#"" color=""#ffffff"" hover_color=""#ffffff"" background_color=""#303030"" hover_background_color=""#565656"" border_color=""#303030"" hover_border_color=""#565656""][/vc_column][/vc_row]","Lorem Ipsn gravida nibh vel velit auctor aliquet. Aene sollic consequat ipsutis sem nibh id elit. Duis sed nibh vel a  sit amet nibh vulputate. This is Lorem Ipsn vel velit auctor aliquet. This is Photoshop's version  of Lorem Ipsn gravida nibh vel velit auctor aliquet. Aene sollic consequat ipsutis sem nibh id elit. Duis sed odio sit amet nibh vulputate.",20170116,portfolio-item,http://bossakov.eu/temp/kaboom/portfolio-item/stay-weird/,http://bossakov.eu/temp/kaboom/wp-content/uploads/2017/01/h7-port-img-19.jpg,h7-port-img-19,,,h,http://bossakov.eu/temp/kaboom/wp-content/uploads/2017/01/h7-port-img-19.jpg,,Illustration>Drawing,,publish,1,petko,petko@bossakov.eu,,,stay-weird,,,0,0,0,open,closed,20170116
1403,"The Outsiders","[vc_row css="".vc_custom_1484300461025{padding-top: 4px !important;}""][vc_column][vc_column_text]Display your work in the best light. The collection of portfolio layouts and hover animations from Edge Themes ensures that your selected project always look amazing.[/vc_column_text][vc_empty_space height=""22px""][edgtf_button size="""" type="""" target=""_self"" icon_pack="""" font_weight="""" text=""PURCHASE"" link=""#"" color=""#ffffff"" hover_color=""#ffffff"" background_color=""#303030"" hover_background_color=""#565656"" border_color=""#303030"" hover_border_color=""#565656""][/vc_column][/vc_row]","Lorem Ipsn gravida nibh vel velit auctor aliquet. Aene sollic consequat ipsutis sem nibh id elit. Duis sed nibh vel a  sit amet nibh vulputate. This is Lorem Ipsn vel velit auctor aliquet. This is Photoshop's version  of Lorem Ipsn gravida nibh vel velit auctor aliquet. Aene sollic consequat ipsutis sem nibh id elit. Duis sed odio sit amet nibh vulputate.",20170116,portfolio-item,http://bossakov.eu/temp/kaboom/portfolio-item/the-outsiders/,http://bossakov.eu/temp/kaboom/wp-content/uploads/2017/01/h7-port-img-20.jpg,h7-port-img-20,,,g,http://bossakov.eu/temp/kaboom/wp-content/uploads/2017/01/h7-port-img-20.jpg,,Illustration>Drawing,,publish,1,petko,petko@bossakov.eu,,,the-outsiders,,,0,0,0,open,closed,20170116
1405,"Dark Souls","[vc_row css="".vc_custom_1484300461025{padding-top: 4px !important;}""][vc_column][vc_column_text]Display your work in the best light. The collection of portfolio layouts and hover animations from Edge Themes ensures that your selected project always look amazing.[/vc_column_text][vc_empty_space height=""22px""][edgtf_button size="""" type="""" target=""_self"" icon_pack="""" font_weight="""" text=""PURCHASE"" link=""#"" color=""#ffffff"" hover_color=""#ffffff"" background_color=""#303030"" hover_background_color=""#565656"" border_color=""#303030"" hover_border_color=""#565656""][/vc_column][/vc_row]","Lorem Ipsn gravida nibh vel velit auctor aliquet. Aene sollic consequat ipsutis sem nibh id elit. Duis sed nibh vel a  sit amet nibh vulputate. This is Lorem Ipsn vel velit auctor aliquet. This is Photoshop's version  of Lorem Ipsn gravida nibh vel velit auctor aliquet. Aene sollic consequat ipsutis sem nibh id elit. Duis sed odio sit amet nibh vulputate.",20170116,portfolio-item,http://bossakov.eu/temp/kaboom/portfolio-item/dark-souls/,http://bossakov.eu/temp/kaboom/wp-content/uploads/2017/01/h7-port-img-4.jpg,h7-port-img-4,,,f,http://bossakov.eu/temp/kaboom/wp-content/uploads/2017/01/h7-port-img-4.jpg,,Illustration>Animation|Illustration>Logo,,publish,1,petko,petko@bossakov.eu,,,dark-souls,,,0,0,0,open,closed,20170116
1407,"Digital Beings","[vc_row css="".vc_custom_1484300461025{padding-top: 4px !important;}""][vc_column][vc_column_text]Display your work in the best light. The collection of portfolio layouts and hover animations from Edge Themes ensures that your selected project always look amazing.[/vc_column_text][vc_empty_space height=""22px""][edgtf_button size="""" type="""" target=""_self"" icon_pack="""" font_weight="""" text=""PURCHASE"" link=""#"" color=""#ffffff"" hover_color=""#ffffff"" background_color=""#303030"" hover_background_color=""#565656"" border_color=""#303030"" hover_border_color=""#565656""][/vc_column][/vc_row]","Lorem Ipsn gravida nibh vel velit auctor aliquet. Aene sollic consequat ipsutis sem nibh id elit. Duis sed nibh vel a  sit amet nibh vulputate. This is Lorem Ipsn vel velit auctor aliquet. This is Photoshop's version  of Lorem Ipsn gravida nibh vel velit auctor aliquet. Aene sollic consequat ipsutis sem nibh id elit. Duis sed odio sit amet nibh vulputate.",20170116,portfolio-item,http://bossakov.eu/temp/kaboom/portfolio-item/digital-beings/,http://bossakov.eu/temp/kaboom/wp-content/uploads/2017/01/h7-port-img-5.jpg,h7-port-img-5,,,h,http://bossakov.eu/temp/kaboom/wp-content/uploads/2017/01/h7-port-img-5.jpg,,Illustration>Drawing,,publish,1,petko,petko@bossakov.eu,,,digital-beings,,,0,0,0,open,closed,20170116
1416,"Game Concept","[vc_row css="".vc_custom_1484300461025{padding-top: 4px !important;}""][vc_column][vc_column_text]Display your work in the best light. The collection of portfolio layouts and hover animations from Edge Themes ensures that your selected project always look amazing.[/vc_column_text][vc_empty_space height=""22px""][edgtf_button size="""" type="""" target=""_self"" icon_pack="""" font_weight="""" text=""PURCHASE"" link=""#"" color=""#ffffff"" hover_color=""#ffffff"" background_color=""#303030"" hover_background_color=""#565656"" border_color=""#303030"" hover_border_color=""#565656""][/vc_column][/vc_row]","Lorem Ipsn gravida nibh vel velit auctor aliquet. Aene sollic consequat ipsutis sem nibh id elit. Duis sed nibh vel a  sit amet nibh vulputate. This is Lorem Ipsn vel velit auctor aliquet. This is Photoshop's version  of Lorem Ipsn gravida nibh vel velit auctor aliquet. Aene sollic consequat ipsutis sem nibh id elit. Duis sed odio sit amet nibh vulputate.",20170116,portfolio-item,http://bossakov.eu/temp/kaboom/portfolio-item/game-concept/,http://bossakov.eu/temp/kaboom/wp-content/uploads/2017/01/h8-pinterest-img-6.jpg,h8-pinterest-img-6,,,j,http://bossakov.eu/temp/kaboom/wp-content/uploads/2017/01/h8-pinterest-img-6.jpg,,Robots>Commercials,,publish,1,petko,petko@bossakov.eu,,,game-concept,,,0,0,0,open,closed,20170116
1418,"The Evolution of Robots","[vc_row css="".vc_custom_1484300461025{padding-top: 4px !important;}""][vc_column][vc_column_text]Display your work in the best light. The collection of portfolio layouts and hover animations from Edge Themes ensures that your selected project always look amazing.[/vc_column_text][vc_empty_space height=""22px""][edgtf_button size="""" type="""" target=""_self"" icon_pack="""" font_weight="""" text=""PURCHASE"" link=""#"" color=""#ffffff"" hover_color=""#ffffff"" background_color=""#303030"" hover_background_color=""#565656"" border_color=""#303030"" hover_border_color=""#565656""][/vc_column][/vc_row]","Lorem Ipsn gravida nibh vel velit auctor aliquet. Aene sollic consequat ipsutis sem nibh id elit. Duis sed nibh vel a  sit amet nibh vulputate. This is Lorem Ipsn vel velit auctor aliquet. This is Photoshop's version  of Lorem Ipsn gravida nibh vel velit auctor aliquet. Aene sollic consequat ipsutis sem nibh id elit. Duis sed odio sit amet nibh vulputate.",20170116,portfolio-item,http://bossakov.eu/temp/kaboom/portfolio-item/the-evolution-of-robots/,http://bossakov.eu/temp/kaboom/wp-content/uploads/2017/01/h8-pinterest-img-5.jpg,h8-pinterest-img-5,,,h,http://bossakov.eu/temp/kaboom/wp-content/uploads/2017/01/h8-pinterest-img-5.jpg,,"Robots>3D Models",,publish,1,petko,petko@bossakov.eu,,,the-evolution-of-robots,,,0,0,0,open,closed,20170116
1420,RobX,"[vc_row css="".vc_custom_1484300461025{padding-top: 4px !important;}""][vc_column][vc_column_text]Display your work in the best light. The collection of portfolio layouts and hover animations from Edge Themes ensures that your selected project always look amazing.[/vc_column_text][vc_empty_space height=""22px""][edgtf_button size="""" type="""" target=""_self"" icon_pack="""" font_weight="""" text=""PURCHASE"" link=""#"" color=""#ffffff"" hover_color=""#ffffff"" background_color=""#303030"" hover_background_color=""#565656"" border_color=""#303030"" hover_border_color=""#565656""][/vc_column][/vc_row]","Lorem Ipsn gravida nibh vel velit auctor aliquet. Aene sollic consequat ipsutis sem nibh id elit. Duis sed nibh vel a  sit amet nibh vulputate. This is Lorem Ipsn vel velit auctor aliquet. This is Photoshop's version  of Lorem Ipsn gravida nibh vel velit auctor aliquet. Aene sollic consequat ipsutis sem nibh id elit. Duis sed odio sit amet nibh vulputate.",20170116,portfolio-item,http://bossakov.eu/temp/kaboom/portfolio-item/robx/,http://bossakov.eu/temp/kaboom/wp-content/uploads/2017/01/h8-pinterest-img-4.jpg,h8-pinterest-img-4,,,k,http://bossakov.eu/temp/kaboom/wp-content/uploads/2017/01/h8-pinterest-img-4.jpg,,Robots>Abstract,,publish,1,petko,petko@bossakov.eu,,,robx,,,0,0,0,open,closed,20170116
1422,"Bots Characters","[vc_row css="".vc_custom_1484300461025{padding-top: 4px !important;}""][vc_column][vc_column_text]Display your work in the best light. The collection of portfolio layouts and hover animations from Edge Themes ensures that your selected project always look amazing.[/vc_column_text][vc_empty_space height=""22px""][edgtf_button size="""" type="""" target=""_self"" icon_pack="""" font_weight="""" text=""PURCHASE"" link=""#"" color=""#ffffff"" hover_color=""#ffffff"" background_color=""#303030"" hover_background_color=""#565656"" border_color=""#303030"" hover_border_color=""#565656""][/vc_column][/vc_row]","Lorem Ipsn gravida nibh vel velit auctor aliquet. Aene sollic consequat ipsutis sem nibh id elit. Duis sed nibh vel a  sit amet nibh vulputate. This is Lorem Ipsn vel velit auctor aliquet. This is Photoshop's version  of Lorem Ipsn gravida nibh vel velit auctor aliquet. Aene sollic consequat ipsutis sem nibh id elit. Duis sed odio sit amet nibh vulputate.",20170116,portfolio-item,http://bossakov.eu/temp/kaboom/portfolio-item/bots-characters/,http://bossakov.eu/temp/kaboom/wp-content/uploads/2017/01/h8-pinterest-img-3.jpg,h8-pinterest-img-3,,,j,http://bossakov.eu/temp/kaboom/wp-content/uploads/2017/01/h8-pinterest-img-3.jpg,,Robots>Abstract,,publish,1,petko,petko@bossakov.eu,,,bots-characters,,,0,0,0,open,closed,20170116
1424,"Robo Superstars","[vc_row css="".vc_custom_1484300461025{padding-top: 4px !important;}""][vc_column][vc_column_text]Display your work in the best light. The collection of portfolio layouts and hover animations from Edge Themes ensures that your selected project always look amazing.[/vc_column_text][vc_empty_space height=""22px""][edgtf_button size="""" type="""" target=""_self"" icon_pack="""" font_weight="""" text=""PURCHASE"" link=""#"" color=""#ffffff"" hover_color=""#ffffff"" background_color=""#303030"" hover_background_color=""#565656"" border_color=""#303030"" hover_border_color=""#565656""][/vc_column][/vc_row]","Lorem Ipsn gravida nibh vel velit auctor aliquet. Aene sollic consequat ipsutis sem nibh id elit. Duis sed nibh vel a  sit amet nibh vulputate. This is Lorem Ipsn vel velit auctor aliquet. This is Photoshop's version  of Lorem Ipsn gravida nibh vel velit auctor aliquet. Aene sollic consequat ipsutis sem nibh id elit. Duis sed odio sit amet nibh vulputate.",20170116,portfolio-item,http://bossakov.eu/temp/kaboom/portfolio-item/robo-superstars/,http://bossakov.eu/temp/kaboom/wp-content/uploads/2017/01/h8-pinterest-img-1.jpg,h8-pinterest-img-1,,,i,http://bossakov.eu/temp/kaboom/wp-content/uploads/2017/01/h8-pinterest-img-1.jpg,,"Robots>3D Models",,publish,1,petko,petko@bossakov.eu,,,robo-superstars,,,0,0,0,open,closed,20170116
1426,"Robots In Disguise","[vc_row css="".vc_custom_1484300461025{padding-top: 4px !important;}""][vc_column][vc_column_text]Display your work in the best light. The collection of portfolio layouts and hover animations from Edge Themes ensures that your selected project always look amazing.[/vc_column_text][vc_empty_space height=""22px""][edgtf_button size="""" type="""" target=""_self"" icon_pack="""" font_weight="""" text=""PURCHASE"" link=""#"" color=""#ffffff"" hover_color=""#ffffff"" background_color=""#303030"" hover_background_color=""#565656"" border_color=""#303030"" hover_border_color=""#565656""][/vc_column][/vc_row]","Lorem Ipsn gravida nibh vel velit auctor aliquet. Aene sollic consequat ipsutis sem nibh id elit. Duis sed nibh vel a  sit amet nibh vulputate. This is Lorem Ipsn vel velit auctor aliquet. This is Photoshop's version  of Lorem Ipsn gravida nibh vel velit auctor aliquet. Aene sollic consequat ipsutis sem nibh id elit. Duis sed odio sit amet nibh vulputate.",20170116,portfolio-item,http://bossakov.eu/temp/kaboom/portfolio-item/robots-in-disguise/,http://bossakov.eu/temp/kaboom/wp-content/uploads/2017/01/h8-pinterest-img-15.jpg,h8-pinterest-img-15,,,f,http://bossakov.eu/temp/kaboom/wp-content/uploads/2017/01/h8-pinterest-img-15.jpg,,Robots>Abstract,,publish,1,petko,petko@bossakov.eu,,,robots-in-disguise,,,0,0,0,open,closed,20170116
1428,Robotic,"[vc_row css="".vc_custom_1484300461025{padding-top: 4px !important;}""][vc_column][vc_column_text]Display your work in the best light. The collection of portfolio layouts and hover animations from Edge Themes ensures that your selected project always look amazing.[/vc_column_text][vc_empty_space height=""22px""][edgtf_button size="""" type="""" target=""_self"" icon_pack="""" font_weight="""" text=""PURCHASE"" link=""#"" color=""#ffffff"" hover_color=""#ffffff"" background_color=""#303030"" hover_background_color=""#565656"" border_color=""#303030"" hover_border_color=""#565656""][/vc_column][/vc_row]","Lorem Ipsn gravida nibh vel velit auctor aliquet. Aene sollic consequat ipsutis sem nibh id elit. Duis sed nibh vel a  sit amet nibh vulputate. This is Lorem Ipsn vel velit auctor aliquet. This is Photoshop's version  of Lorem Ipsn gravida nibh vel velit auctor aliquet. Aene sollic consequat ipsutis sem nibh id elit. Duis sed odio sit amet nibh vulputate.",20170116,portfolio-item,http://bossakov.eu/temp/kaboom/portfolio-item/robotic/,http://bossakov.eu/temp/kaboom/wp-content/uploads/2017/01/h8-pinterest-img-19.jpg,h8-pinterest-img-19,,,g,http://bossakov.eu/temp/kaboom/wp-content/uploads/2017/01/h8-pinterest-img-19.jpg,,Robots>Commercials,,publish,1,petko,petko@bossakov.eu,,,robotic,,,0,0,0,open,closed,20170116
1430,Reincarnation,"[vc_row css="".vc_custom_1484300461025{padding-top: 4px !important;}""][vc_column][vc_column_text]Display your work in the best light. The collection of portfolio layouts and hover animations from Edge Themes ensures that your selected project always look amazing.[/vc_column_text][vc_empty_space height=""22px""][edgtf_button size="""" type="""" target=""_self"" icon_pack="""" font_weight="""" text=""PURCHASE"" link=""#"" color=""#ffffff"" hover_color=""#ffffff"" background_color=""#303030"" hover_background_color=""#565656"" border_color=""#303030"" hover_border_color=""#565656""][/vc_column][/vc_row]","Lorem Ipsn gravida nibh vel velit auctor aliquet. Aene sollic consequat ipsutis sem nibh id elit. Duis sed nibh vel a  sit amet nibh vulputate. This is Lorem Ipsn vel velit auctor aliquet. This is Photoshop's version  of Lorem Ipsn gravida nibh vel velit auctor aliquet. Aene sollic consequat ipsutis sem nibh id elit. Duis sed odio sit amet nibh vulputate.",20170116,portfolio-item,http://bossakov.eu/temp/kaboom/portfolio-item/reincarnation/,http://bossakov.eu/temp/kaboom/wp-content/uploads/2017/01/h8-pinterest-img-16.jpg,h8-pinterest-img-16,,,g,http://bossakov.eu/temp/kaboom/wp-content/uploads/2017/01/h8-pinterest-img-16.jpg,,"Robots>3D Illustrations",,publish,1,petko,petko@bossakov.eu,,,reincarnation,,,0,0,0,open,closed,20170116
1432,Robo-Review,"[vc_row css="".vc_custom_1484300461025{padding-top: 4px !important;}""][vc_column][vc_column_text]Display your work in the best light. The collection of portfolio layouts and hover animations from Edge Themes ensures that your selected project always look amazing.[/vc_column_text][vc_empty_space height=""22px""][edgtf_button size="""" type="""" target=""_self"" icon_pack="""" font_weight="""" text=""PURCHASE"" link=""#"" color=""#ffffff"" hover_color=""#ffffff"" background_color=""#303030"" hover_background_color=""#565656"" border_color=""#303030"" hover_border_color=""#565656""][/vc_column][/vc_row]","Lorem Ipsn gravida nibh vel velit auctor aliquet. Aene sollic consequat ipsutis sem nibh id elit. Duis sed nibh vel a  sit amet nibh vulputate. This is Lorem Ipsn vel velit auctor aliquet. This is Photoshop's version  of Lorem Ipsn gravida nibh vel velit auctor aliquet. Aene sollic consequat ipsutis sem nibh id elit. Duis sed odio sit amet nibh vulputate.",20170116,portfolio-item,http://bossakov.eu/temp/kaboom/portfolio-item/robo-review/,http://bossakov.eu/temp/kaboom/wp-content/uploads/2017/01/h8-pinterest-img-17.jpg,h8-pinterest-img-17,,,g,http://bossakov.eu/temp/kaboom/wp-content/uploads/2017/01/h8-pinterest-img-17.jpg,,"Robots>3D Models",,publish,1,petko,petko@bossakov.eu,,,robo-review,,,0,0,0,open,closed,20170116
1434,"Fellow Robots","[vc_row css="".vc_custom_1484300461025{padding-top: 4px !important;}""][vc_column][vc_column_text]Display your work in the best light. The collection of portfolio layouts and hover animations from Edge Themes ensures that your selected project always look amazing.[/vc_column_text][vc_empty_space height=""22px""][edgtf_button size="""" type="""" target=""_self"" icon_pack="""" font_weight="""" text=""PURCHASE"" link=""#"" color=""#ffffff"" hover_color=""#ffffff"" background_color=""#303030"" hover_background_color=""#565656"" border_color=""#303030"" hover_border_color=""#565656""][/vc_column][/vc_row]","Lorem Ipsn gravida nibh vel velit auctor aliquet. Aene sollic consequat ipsutis sem nibh id elit. Duis sed nibh vel a  sit amet nibh vulputate. This is Lorem Ipsn vel velit auctor aliquet. This is Photoshop's version  of Lorem Ipsn gravida nibh vel velit auctor aliquet. Aene sollic consequat ipsutis sem nibh id elit. Duis sed odio sit amet nibh vulputate.",20170116,portfolio-item,http://bossakov.eu/temp/kaboom/portfolio-item/fellow-robots/,http://bossakov.eu/temp/kaboom/wp-content/uploads/2017/01/h8-pinterest-img-18.jpg,h8-pinterest-img-18,,,f,http://bossakov.eu/temp/kaboom/wp-content/uploads/2017/01/h8-pinterest-img-18.jpg,,Robots>Abstract,,publish,1,petko,petko@bossakov.eu,,,fellow-robots,,,0,0,0,open,closed,20170116
1436,"Robot Toys","[vc_row css="".vc_custom_1484300461025{padding-top: 4px !important;}""][vc_column][vc_column_text]Display your work in the best light. The collection of portfolio layouts and hover animations from Edge Themes ensures that your selected project always look amazing.[/vc_column_text][vc_empty_space height=""22px""][edgtf_button size="""" type="""" target=""_self"" icon_pack="""" font_weight="""" text=""PURCHASE"" link=""#"" color=""#ffffff"" hover_color=""#ffffff"" background_color=""#303030"" hover_background_color=""#565656"" border_color=""#303030"" hover_border_color=""#565656""][/vc_column][/vc_row]","Lorem Ipsn gravida nibh vel velit auctor aliquet. Aene sollic consequat ipsutis sem nibh id elit. Duis sed nibh vel a  sit amet nibh vulputate. This is Lorem Ipsn vel velit auctor aliquet. This is Photoshop's version  of Lorem Ipsn gravida nibh vel velit auctor aliquet. Aene sollic consequat ipsutis sem nibh id elit. Duis sed odio sit amet nibh vulputate.",20170116,portfolio-item,http://bossakov.eu/temp/kaboom/portfolio-item/robot-toys/,http://bossakov.eu/temp/kaboom/wp-content/uploads/2017/01/h8-pinterest-img-14.jpg,h8-pinterest-img-14,,,c,http://bossakov.eu/temp/kaboom/wp-content/uploads/2017/01/h8-pinterest-img-14.jpg,,"Robots>3D Models",,publish,1,petko,petko@bossakov.eu,,,robot-toys,,,0,0,0,open,closed,20170116
1438,"Robot Series","[vc_row css="".vc_custom_1484300461025{padding-top: 4px !important;}""][vc_column][vc_column_text]Display your work in the best light. The collection of portfolio layouts and hover animations from Edge Themes ensures that your selected project always look amazing.[/vc_column_text][vc_empty_space height=""22px""][edgtf_button size="""" type="""" target=""_self"" icon_pack="""" font_weight="""" text=""PURCHASE"" link=""#"" color=""#ffffff"" hover_color=""#ffffff"" background_color=""#303030"" hover_background_color=""#565656"" border_color=""#303030"" hover_border_color=""#565656""][/vc_column][/vc_row]","Lorem Ipsn gravida nibh vel velit auctor aliquet. Aene sollic consequat ipsutis sem nibh id elit. Duis sed nibh vel a  sit amet nibh vulputate. This is Lorem Ipsn vel velit auctor aliquet. This is Photoshop's version  of Lorem Ipsn gravida nibh vel velit auctor aliquet. Aene sollic consequat ipsutis sem nibh id elit. Duis sed odio sit amet nibh vulputate.",20170116,portfolio-item,http://bossakov.eu/temp/kaboom/portfolio-item/robot-series/,http://bossakov.eu/temp/kaboom/wp-content/uploads/2017/01/h8-pinterest-img-20.jpg,h8-pinterest-img-20,,,g,http://bossakov.eu/temp/kaboom/wp-content/uploads/2017/01/h8-pinterest-img-20.jpg,,Robots>Commercials,,publish,1,petko,petko@bossakov.eu,,,robot-series,,,0,0,0,open,closed,20170116
1441,"Snake Robot","[vc_row css="".vc_custom_1484300461025{padding-top: 4px !important;}""][vc_column][vc_column_text]Display your work in the best light. The collection of portfolio layouts and hover animations from Edge Themes ensures that your selected project always look amazing.[/vc_column_text][vc_empty_space height=""22px""][edgtf_button size="""" type="""" target=""_self"" icon_pack="""" font_weight="""" text=""PURCHASE"" link=""#"" color=""#ffffff"" hover_color=""#ffffff"" background_color=""#303030"" hover_background_color=""#565656"" border_color=""#303030"" hover_border_color=""#565656""][/vc_column][/vc_row]","Lorem Ipsn gravida nibh vel velit auctor aliquet. Aene sollic consequat ipsutis sem nibh id elit. Duis sed nibh vel a  sit amet nibh vulputate. This is Lorem Ipsn vel velit auctor aliquet. This is Photoshop's version  of Lorem Ipsn gravida nibh vel velit auctor aliquet. Aene sollic consequat ipsutis sem nibh id elit. Duis sed odio sit amet nibh vulputate.",20170116,portfolio-item,http://bossakov.eu/temp/kaboom/portfolio-item/snake-robot/,http://bossakov.eu/temp/kaboom/wp-content/uploads/2017/01/h8-pinterest-img-13.jpg,h8-pinterest-img-13,,,h,http://bossakov.eu/temp/kaboom/wp-content/uploads/2017/01/h8-pinterest-img-13.jpg,,"Robots>3D Models",,publish,1,petko,petko@bossakov.eu,,,snake-robot,,,0,0,0,open,closed,20170116
1443,"Donkey Robot","[vc_row css="".vc_custom_1484300461025{padding-top: 4px !important;}""][vc_column][vc_column_text]Display your work in the best light. The collection of portfolio layouts and hover animations from Edge Themes ensures that your selected project always look amazing.[/vc_column_text][vc_empty_space height=""22px""][edgtf_button size="""" type="""" target=""_self"" icon_pack="""" font_weight="""" text=""PURCHASE"" link=""#"" color=""#ffffff"" hover_color=""#ffffff"" background_color=""#303030"" hover_background_color=""#565656"" border_color=""#303030"" hover_border_color=""#565656""][/vc_column][/vc_row]","Lorem Ipsn gravida nibh vel velit auctor aliquet. Aene sollic consequat ipsutis sem nibh id elit. Duis sed nibh vel a  sit amet nibh vulputate. This is Lorem Ipsn vel velit auctor aliquet. This is Photoshop's version  of Lorem Ipsn gravida nibh vel velit auctor aliquet. Aene sollic consequat ipsutis sem nibh id elit. Duis sed odio sit amet nibh vulputate.",20170116,portfolio-item,http://bossakov.eu/temp/kaboom/portfolio-item/donkey-robot/,http://bossakov.eu/temp/kaboom/wp-content/uploads/2017/01/h8-pinterest-img-12.jpg,h8-pinterest-img-12,,,g,http://bossakov.eu/temp/kaboom/wp-content/uploads/2017/01/h8-pinterest-img-12.jpg,,"Robots>3D Illustrations",,publish,1,petko,petko@bossakov.eu,,,donkey-robot,,,0,0,0,open,closed,20170116
1445,"Wooden Robots","[vc_row css="".vc_custom_1484300461025{padding-top: 4px !important;}""][vc_column][vc_column_text]Display your work in the best light. The collection of portfolio layouts and hover animations from Edge Themes ensures that your selected project always look amazing.[/vc_column_text][vc_empty_space height=""22px""][edgtf_button size="""" type="""" target=""_self"" icon_pack="""" font_weight="""" text=""PURCHASE"" link=""#"" color=""#ffffff"" hover_color=""#ffffff"" background_color=""#303030"" hover_background_color=""#565656"" border_color=""#303030"" hover_border_color=""#565656""][/vc_column][/vc_row]","Lorem Ipsn gravida nibh vel velit auctor aliquet. Aene sollic consequat ipsutis sem nibh id elit. Duis sed nibh vel a  sit amet nibh vulputate. This is Lorem Ipsn vel velit auctor aliquet. This is Photoshop's version  of Lorem Ipsn gravida nibh vel velit auctor aliquet. Aene sollic consequat ipsutis sem nibh id elit. Duis sed odio sit amet nibh vulputate.",20170116,portfolio-item,http://bossakov.eu/temp/kaboom/portfolio-item/wooden-robots/,http://bossakov.eu/temp/kaboom/wp-content/uploads/2017/01/h8-pinterest-img-11.jpg,h8-pinterest-img-11,,,h,http://bossakov.eu/temp/kaboom/wp-content/uploads/2017/01/h8-pinterest-img-11.jpg,,"Robots>3D Models|Robots>Commercials",,publish,1,petko,petko@bossakov.eu,,,wooden-robots,,,0,0,0,open,closed,20170116
1448,"Mechanical Feelings","[vc_row css="".vc_custom_1484300461025{padding-top: 4px !important;}""][vc_column][vc_column_text]Display your work in the best light. The collection of portfolio layouts and hover animations from Edge Themes ensures that your selected project always look amazing.[/vc_column_text][vc_empty_space height=""22px""][edgtf_button size="""" type="""" target=""_self"" icon_pack="""" font_weight="""" text=""PURCHASE"" link=""#"" color=""#ffffff"" hover_color=""#ffffff"" background_color=""#303030"" hover_background_color=""#565656"" border_color=""#303030"" hover_border_color=""#565656""][/vc_column][/vc_row]","Lorem Ipsn gravida nibh vel velit auctor aliquet. Aene sollic consequat ipsutis sem nibh id elit. Duis sed nibh vel a  sit amet nibh vulputate. This is Lorem Ipsn vel velit auctor aliquet. This is Photoshop's version  of Lorem Ipsn gravida nibh vel velit auctor aliquet. Aene sollic consequat ipsutis sem nibh id elit. Duis sed odio sit amet nibh vulputate.",20170116,portfolio-item,http://bossakov.eu/temp/kaboom/portfolio-item/mechanical-feelings/,http://bossakov.eu/temp/kaboom/wp-content/uploads/2017/01/h8-pinterest-img-10.jpg,h8-pinterest-img-10,,,h,http://bossakov.eu/temp/kaboom/wp-content/uploads/2017/01/h8-pinterest-img-10.jpg,,"Robots>3D Illustrations|Robots>Abstract",,publish,1,petko,petko@bossakov.eu,,,mechanical-feelings,,,0,0,0,open,closed,20170116
1450,Posthuman,"[vc_row css="".vc_custom_1484300461025{padding-top: 4px !important;}""][vc_column][vc_column_text]Display your work in the best light. The collection of portfolio layouts and hover animations from Edge Themes ensures that your selected project always look amazing.[/vc_column_text][vc_empty_space height=""22px""][edgtf_button size="""" type="""" target=""_self"" icon_pack="""" font_weight="""" text=""PURCHASE"" link=""#"" color=""#ffffff"" hover_color=""#ffffff"" background_color=""#303030"" hover_background_color=""#565656"" border_color=""#303030"" hover_border_color=""#565656""][/vc_column][/vc_row]","Lorem Ipsn gravida nibh vel velit auctor aliquet. Aene sollic consequat ipsutis sem nibh id elit. Duis sed nibh vel a  sit amet nibh vulputate. This is Lorem Ipsn vel velit auctor aliquet. This is Photoshop's version  of Lorem Ipsn gravida nibh vel velit auctor aliquet. Aene sollic consequat ipsutis sem nibh id elit. Duis sed odio sit amet nibh vulputate.",20170116,portfolio-item,http://bossakov.eu/temp/kaboom/portfolio-item/posthuman/,http://bossakov.eu/temp/kaboom/wp-content/uploads/2017/01/h8-pinterest-img-21.jpg,h8-pinterest-img-21,,,g,http://bossakov.eu/temp/kaboom/wp-content/uploads/2017/01/h8-pinterest-img-21.jpg,,"Robots>3D Illustrations",,publish,1,petko,petko@bossakov.eu,,,posthuman,,,0,0,0,open,closed,20170116
1452,Genetrics,"[vc_row css="".vc_custom_1484300461025{padding-top: 4px !important;}""][vc_column][vc_column_text]Display your work in the best light. The collection of portfolio layouts and hover animations from Edge Themes ensures that your selected project always look amazing.[/vc_column_text][vc_empty_space height=""22px""][edgtf_button size="""" type="""" target=""_self"" icon_pack="""" font_weight="""" text=""PURCHASE"" link=""#"" color=""#ffffff"" hover_color=""#ffffff"" background_color=""#303030"" hover_background_color=""#565656"" border_color=""#303030"" hover_border_color=""#565656""][/vc_column][/vc_row]","Lorem Ipsn gravida nibh vel velit auctor aliquet. Aene sollic consequat ipsutis sem nibh id elit. Duis sed nibh vel a  sit amet nibh vulputate. This is Lorem Ipsn vel velit auctor aliquet. This is Photoshop's version  of Lorem Ipsn gravida nibh vel velit auctor aliquet. Aene sollic consequat ipsutis sem nibh id elit. Duis sed odio sit amet nibh vulputate.",20170116,portfolio-item,http://bossakov.eu/temp/kaboom/portfolio-item/genetrics/,http://bossakov.eu/temp/kaboom/wp-content/uploads/2017/01/h8-pinterest-img-9.jpg,h8-pinterest-img-9,,,r,http://bossakov.eu/temp/kaboom/wp-content/uploads/2017/01/h8-pinterest-img-9.jpg,,Robots>Commercials,,publish,1,petko,petko@bossakov.eu,,,genetrics,,,0,0,0,open,closed,20170116
1454,Hybrids,"[vc_row css="".vc_custom_1484300461025{padding-top: 4px !important;}""][vc_column][vc_column_text]Display your work in the best light. The collection of portfolio layouts and hover animations from Edge Themes ensures that your selected project always look amazing.[/vc_column_text][vc_empty_space height=""22px""][edgtf_button size="""" type="""" target=""_self"" icon_pack="""" font_weight="""" text=""PURCHASE"" link=""#"" color=""#ffffff"" hover_color=""#ffffff"" background_color=""#303030"" hover_background_color=""#565656"" border_color=""#303030"" hover_border_color=""#565656""][/vc_column][/vc_row]","Lorem Ipsn gravida nibh vel velit auctor aliquet. Aene sollic consequat ipsutis sem nibh id elit. Duis sed nibh vel a  sit amet nibh vulputate. This is Lorem Ipsn vel velit auctor aliquet. This is Photoshop's version  of Lorem Ipsn gravida nibh vel velit auctor aliquet. Aene sollic consequat ipsutis sem nibh id elit. Duis sed odio sit amet nibh vulputate.",20170116,portfolio-item,http://bossakov.eu/temp/kaboom/portfolio-item/hybrids/,http://bossakov.eu/temp/kaboom/wp-content/uploads/2017/01/h8-pinterest-img-8.jpg,h8-pinterest-img-8,,,f,http://bossakov.eu/temp/kaboom/wp-content/uploads/2017/01/h8-pinterest-img-8.jpg,,"Robots>3D Models",,publish,1,petko,petko@bossakov.eu,,,hybrids,,,0,0,0,open,closed,20170116
1456,Morphed,"[vc_row css="".vc_custom_1484300461025{padding-top: 4px !important;}""][vc_column][vc_column_text]Display your work in the best light. The collection of portfolio layouts and hover animations from Edge Themes ensures that your selected project always look amazing.[/vc_column_text][vc_empty_space height=""22px""][edgtf_button size="""" type="""" target=""_self"" icon_pack="""" font_weight="""" text=""PURCHASE"" link=""#"" color=""#ffffff"" hover_color=""#ffffff"" background_color=""#303030"" hover_background_color=""#565656"" border_color=""#303030"" hover_border_color=""#565656""][/vc_column][/vc_row]","Lorem Ipsn gravida nibh vel velit auctor aliquet. Aene sollic consequat ipsutis sem nibh id elit. Duis sed nibh vel a  sit amet nibh vulputate. This is Lorem Ipsn vel velit auctor aliquet. This is Photoshop's version  of Lorem Ipsn gravida nibh vel velit auctor aliquet. Aene sollic consequat ipsutis sem nibh id elit. Duis sed odio sit amet nibh vulputate.",20170116,portfolio-item,http://bossakov.eu/temp/kaboom/portfolio-item/morphed/,http://bossakov.eu/temp/kaboom/wp-content/uploads/2017/01/h8-pinterest-img-7.jpg,h8-pinterest-img-7,,,f,http://bossakov.eu/temp/kaboom/wp-content/uploads/2017/01/h8-pinterest-img-7.jpg,,"Robots>3D Models",,publish,1,petko,petko@bossakov.eu,,,morphed,,,0,0,0,open,closed,20170116
1458,"Game Concept","[vc_row css="".vc_custom_1484300461025{padding-top: 4px !important;}""][vc_column][vc_column_text]Display your work in the best light. The collection of portfolio layouts and hover animations from Edge Themes ensures that your selected project always look amazing.[/vc_column_text][vc_empty_space height=""22px""][edgtf_button size="""" type="""" target=""_self"" icon_pack="""" font_weight="""" text=""PURCHASE"" link=""#"" color=""#ffffff"" hover_color=""#ffffff"" background_color=""#303030"" hover_background_color=""#565656"" border_color=""#303030"" hover_border_color=""#565656""][/vc_column][/vc_row]","Lorem Ipsn gravida nibh vel velit auctor aliquet. Aene sollic consequat ipsutis sem nibh id elit. Duis sed nibh vel a  sit amet nibh vulputate. This is Lorem Ipsn vel velit auctor aliquet. This is Photoshop's version  of Lorem Ipsn gravida nibh vel velit auctor aliquet. Aene sollic consequat ipsutis sem nibh id elit. Duis sed odio sit amet nibh vulputate.",20170116,portfolio-item,http://bossakov.eu/temp/kaboom/portfolio-item/game-concept-2/,http://bossakov.eu/temp/kaboom/wp-content/uploads/2017/01/h8-pinterest-img-6.jpg,h8-pinterest-img-6,,,j,http://bossakov.eu/temp/kaboom/wp-content/uploads/2017/01/h8-pinterest-img-6.jpg,,Robots>Commercials,,publish,1,petko,petko@bossakov.eu,,,game-concept-2,,,0,0,0,open,closed,20170116
1459,"The Evolution of Robots","[vc_row css="".vc_custom_1484300461025{padding-top: 4px !important;}""][vc_column][vc_column_text]Display your work in the best light. The collection of portfolio layouts and hover animations from Edge Themes ensures that your selected project always look amazing.[/vc_column_text][vc_empty_space height=""22px""][edgtf_button size="""" type="""" target=""_self"" icon_pack="""" font_weight="""" text=""PURCHASE"" link=""#"" color=""#ffffff"" hover_color=""#ffffff"" background_color=""#303030"" hover_background_color=""#565656"" border_color=""#303030"" hover_border_color=""#565656""][/vc_column][/vc_row]","Lorem Ipsn gravida nibh vel velit auctor aliquet. Aene sollic consequat ipsutis sem nibh id elit. Duis sed nibh vel a  sit amet nibh vulputate. This is Lorem Ipsn vel velit auctor aliquet. This is Photoshop's version  of Lorem Ipsn gravida nibh vel velit auctor aliquet. Aene sollic consequat ipsutis sem nibh id elit. Duis sed odio sit amet nibh vulputate.",20170116,portfolio-item,http://bossakov.eu/temp/kaboom/portfolio-item/the-evolution-of-robots-2/,http://bossakov.eu/temp/kaboom/wp-content/uploads/2017/01/h8-pinterest-img-5.jpg,h8-pinterest-img-5,,,h,http://bossakov.eu/temp/kaboom/wp-content/uploads/2017/01/h8-pinterest-img-5.jpg,,"Robots>3D Models",,publish,1,petko,petko@bossakov.eu,,,the-evolution-of-robots-2,,,0,0,0,open,closed,20170116
1460,RobX,"[vc_row css="".vc_custom_1484300461025{padding-top: 4px !important;}""][vc_column][vc_column_text]Display your work in the best light. The collection of portfolio layouts and hover animations from Edge Themes ensures that your selected project always look amazing.[/vc_column_text][vc_empty_space height=""22px""][edgtf_button size="""" type="""" target=""_self"" icon_pack="""" font_weight="""" text=""PURCHASE"" link=""#"" color=""#ffffff"" hover_color=""#ffffff"" background_color=""#303030"" hover_background_color=""#565656"" border_color=""#303030"" hover_border_color=""#565656""][/vc_column][/vc_row]","Lorem Ipsn gravida nibh vel velit auctor aliquet. Aene sollic consequat ipsutis sem nibh id elit. Duis sed nibh vel a  sit amet nibh vulputate. This is Lorem Ipsn vel velit auctor aliquet. This is Photoshop's version  of Lorem Ipsn gravida nibh vel velit auctor aliquet. Aene sollic consequat ipsutis sem nibh id elit. Duis sed odio sit amet nibh vulputate.",20170116,portfolio-item,http://bossakov.eu/temp/kaboom/portfolio-item/robx-2/,http://bossakov.eu/temp/kaboom/wp-content/uploads/2017/01/h8-pinterest-img-4.jpg,h8-pinterest-img-4,,,k,http://bossakov.eu/temp/kaboom/wp-content/uploads/2017/01/h8-pinterest-img-4.jpg,,Robots>Abstract,,publish,1,petko,petko@bossakov.eu,,,robx-2,,,0,0,0,open,closed,20170116
1461,"Bots Characters","[vc_row css="".vc_custom_1484300461025{padding-top: 4px !important;}""][vc_column][vc_column_text]Display your work in the best light. The collection of portfolio layouts and hover animations from Edge Themes ensures that your selected project always look amazing.[/vc_column_text][vc_empty_space height=""22px""][edgtf_button size="""" type="""" target=""_self"" icon_pack="""" font_weight="""" text=""PURCHASE"" link=""#"" color=""#ffffff"" hover_color=""#ffffff"" background_color=""#303030"" hover_background_color=""#565656"" border_color=""#303030"" hover_border_color=""#565656""][/vc_column][/vc_row]","Lorem Ipsn gravida nibh vel velit auctor aliquet. Aene sollic consequat ipsutis sem nibh id elit. Duis sed nibh vel a  sit amet nibh vulputate. This is Lorem Ipsn vel velit auctor aliquet. This is Photoshop's version  of Lorem Ipsn gravida nibh vel velit auctor aliquet. Aene sollic consequat ipsutis sem nibh id elit. Duis sed odio sit amet nibh vulputate.",20170116,portfolio-item,http://bossakov.eu/temp/kaboom/portfolio-item/bots-characters-2/,http://bossakov.eu/temp/kaboom/wp-content/uploads/2017/01/h8-pinterest-img-3.jpg,h8-pinterest-img-3,,,j,http://bossakov.eu/temp/kaboom/wp-content/uploads/2017/01/h8-pinterest-img-3.jpg,,Robots>Abstract,,publish,1,petko,petko@bossakov.eu,,,bots-characters-2,,,0,0,0,open,closed,20170116
1463,"Robo Superstars","[vc_row css="".vc_custom_1484300461025{padding-top: 4px !important;}""][vc_column][vc_column_text]Display your work in the best light. The collection of portfolio layouts and hover animations from Edge Themes ensures that your selected project always look amazing.[/vc_column_text][vc_empty_space height=""22px""][edgtf_button size="""" type="""" target=""_self"" icon_pack="""" font_weight="""" text=""PURCHASE"" link=""#"" color=""#ffffff"" hover_color=""#ffffff"" background_color=""#303030"" hover_background_color=""#565656"" border_color=""#303030"" hover_border_color=""#565656""][/vc_column][/vc_row]","Lorem Ipsn gravida nibh vel velit auctor aliquet. Aene sollic consequat ipsutis sem nibh id elit. Duis sed nibh vel a  sit amet nibh vulputate. This is Lorem Ipsn vel velit auctor aliquet. This is Photoshop's version  of Lorem Ipsn gravida nibh vel velit auctor aliquet. Aene sollic consequat ipsutis sem nibh id elit. Duis sed odio sit amet nibh vulputate.",20170116,portfolio-item,http://bossakov.eu/temp/kaboom/portfolio-item/robo-superstars-2/,http://bossakov.eu/temp/kaboom/wp-content/uploads/2017/01/h8-pinterest-img-1.jpg,h8-pinterest-img-1,,,i,http://bossakov.eu/temp/kaboom/wp-content/uploads/2017/01/h8-pinterest-img-1.jpg,,"Robots>3D Models",,publish,1,petko,petko@bossakov.eu,,,robo-superstars-2,,,0,0,0,open,closed,20170116
1470,"Bob's Burgers","[vc_row css="".vc_custom_1484300461025{padding-top: 4px !important;}""][vc_column][vc_column_text]Display your work in the best light. The collection of portfolio layouts and hover animations from Edge Themes ensures that your selected project always look amazing.[/vc_column_text][vc_empty_space height=""22px""][edgtf_button size="""" type="""" target=""_self"" icon_pack="""" font_weight="""" text=""PURCHASE"" link=""#"" color=""#ffffff"" hover_color=""#ffffff"" background_color=""#303030"" hover_background_color=""#565656"" border_color=""#303030"" hover_border_color=""#565656""][/vc_column][/vc_row]","Lorem Ipsn gravida nibh vel velit auctor aliquet. Aene sollic consequat ipsutis sem nibh id elit. Duis sed nibh vel a  sit amet nibh vulputate. This is Lorem Ipsn vel velit auctor aliquet. This is Photoshop's version  of Lorem Ipsn gravida nibh vel velit auctor aliquet. Aene sollic consequat ipsutis sem nibh id elit. Duis sed odio sit amet nibh vulputate.",20170116,portfolio-item,http://bossakov.eu/temp/kaboom/portfolio-item/bobs-burgers/,http://bossakov.eu/temp/kaboom/wp-content/uploads/2017/01/h11-port-img-14.jpg,h11-port-img-14,,,h,http://bossakov.eu/temp/kaboom/wp-content/uploads/2017/01/h11-port-img-14.jpg,,"Cartooning Design>Posters",,publish,1,petko,petko@bossakov.eu,,,bobs-burgers,,,0,0,0,open,closed,20170116
1473,"Pets Vol. 1","[vc_row css="".vc_custom_1484300461025{padding-top: 4px !important;}""][vc_column][vc_column_text]Display your work in the best light. The collection of portfolio layouts and hover animations from Edge Themes ensures that your selected project always look amazing.[/vc_column_text][vc_empty_space height=""22px""][edgtf_button size="""" type="""" target=""_self"" icon_pack="""" font_weight="""" text=""PURCHASE"" link=""#"" color=""#ffffff"" hover_color=""#ffffff"" background_color=""#303030"" hover_background_color=""#565656"" border_color=""#303030"" hover_border_color=""#565656""][/vc_column][/vc_row]","Lorem Ipsn gravida nibh vel velit auctor aliquet. Aene sollic consequat ipsutis sem nibh id elit. Duis sed nibh vel a  sit amet nibh vulputate. This is Lorem Ipsn vel velit auctor aliquet. This is Photoshop's version  of Lorem Ipsn gravida nibh vel velit auctor aliquet. Aene sollic consequat ipsutis sem nibh id elit. Duis sed odio sit amet nibh vulputate.",20170116,portfolio-item,http://bossakov.eu/temp/kaboom/portfolio-item/pets-vol-1/,http://bossakov.eu/temp/kaboom/wp-content/uploads/2017/01/h11-port-img-15.jpg,h11-port-img-15,,,j,http://bossakov.eu/temp/kaboom/wp-content/uploads/2017/01/h11-port-img-15.jpg,,"Cartooning Design>Posters",,publish,1,petko,petko@bossakov.eu,,,pets-vol-1,,,0,0,0,open,closed,20170116
1475,Farmer,"[vc_row css="".vc_custom_1484300461025{padding-top: 4px !important;}""][vc_column][vc_column_text]Display your work in the best light. The collection of portfolio layouts and hover animations from Edge Themes ensures that your selected project always look amazing.[/vc_column_text][vc_empty_space height=""22px""][edgtf_button size="""" type="""" target=""_self"" icon_pack="""" font_weight="""" text=""PURCHASE"" link=""#"" color=""#ffffff"" hover_color=""#ffffff"" background_color=""#303030"" hover_background_color=""#565656"" border_color=""#303030"" hover_border_color=""#565656""][/vc_column][/vc_row]","Lorem Ipsn gravida nibh vel velit auctor aliquet. Aene sollic consequat ipsutis sem nibh id elit. Duis sed nibh vel a  sit amet nibh vulputate. This is Lorem Ipsn vel velit auctor aliquet. This is Photoshop's version  of Lorem Ipsn gravida nibh vel velit auctor aliquet. Aene sollic consequat ipsutis sem nibh id elit. Duis sed odio sit amet nibh vulputate.",20170116,portfolio-item,http://bossakov.eu/temp/kaboom/portfolio-item/farmer/,http://bossakov.eu/temp/kaboom/wp-content/uploads/2017/01/h11-port-img-16.jpg,h11-port-img-16,,,h,http://bossakov.eu/temp/kaboom/wp-content/uploads/2017/01/h11-port-img-16.jpg,,"Cartooning Design>Posters",,publish,1,petko,petko@bossakov.eu,,,farmer,,,0,0,0,open,closed,20170116
1477,"La Giraffe","[vc_row css="".vc_custom_1484300461025{padding-top: 4px !important;}""][vc_column][vc_column_text]Display your work in the best light. The collection of portfolio layouts and hover animations from Edge Themes ensures that your selected project always look amazing.[/vc_column_text][vc_empty_space height=""22px""][edgtf_button size="""" type="""" target=""_self"" icon_pack="""" font_weight="""" text=""PURCHASE"" link=""#"" color=""#ffffff"" hover_color=""#ffffff"" background_color=""#303030"" hover_background_color=""#565656"" border_color=""#303030"" hover_border_color=""#565656""][/vc_column][/vc_row]","Lorem Ipsn gravida nibh vel velit auctor aliquet. Aene sollic consequat ipsutis sem nibh id elit. Duis sed nibh vel a  sit amet nibh vulputate. This is Lorem Ipsn vel velit auctor aliquet. This is Photoshop's version  of Lorem Ipsn gravida nibh vel velit auctor aliquet. Aene sollic consequat ipsutis sem nibh id elit. Duis sed odio sit amet nibh vulputate.",20170116,portfolio-item,http://bossakov.eu/temp/kaboom/portfolio-item/la-giraffe/,http://bossakov.eu/temp/kaboom/wp-content/uploads/2017/01/h11-port-img-17.jpg,h11-port-img-17,,,j,http://bossakov.eu/temp/kaboom/wp-content/uploads/2017/01/h11-port-img-17.jpg,,"Cartooning Design>Posters",,publish,1,petko,petko@bossakov.eu,,,la-giraffe,,,0,0,0,open,closed,20170116
1479,"Illustrated Elephant","[vc_row css="".vc_custom_1484300461025{padding-top: 4px !important;}""][vc_column][vc_column_text]Display your work in the best light. The collection of portfolio layouts and hover animations from Edge Themes ensures that your selected project always look amazing.[/vc_column_text][vc_empty_space height=""22px""][edgtf_button size="""" type="""" target=""_self"" icon_pack="""" font_weight="""" text=""PURCHASE"" link=""#"" color=""#ffffff"" hover_color=""#ffffff"" background_color=""#303030"" hover_background_color=""#565656"" border_color=""#303030"" hover_border_color=""#565656""][/vc_column][/vc_row]","Lorem Ipsn gravida nibh vel velit auctor aliquet. Aene sollic consequat ipsutis sem nibh id elit. Duis sed nibh vel a  sit amet nibh vulputate. This is Lorem Ipsn vel velit auctor aliquet. This is Photoshop's version  of Lorem Ipsn gravida nibh vel velit auctor aliquet. Aene sollic consequat ipsutis sem nibh id elit. Duis sed odio sit amet nibh vulputate.",20170116,portfolio-item,http://bossakov.eu/temp/kaboom/portfolio-item/illustrated-elephant/,http://bossakov.eu/temp/kaboom/wp-content/uploads/2017/01/h11-port-img-18.jpg,h11-port-img-18,,,h,http://bossakov.eu/temp/kaboom/wp-content/uploads/2017/01/h11-port-img-18.jpg,,"Cartooning Design>Posters",,publish,1,petko,petko@bossakov.eu,,,illustrated-elephant,,,0,0,0,open,closed,20170116
1483,"Recent Works","[vc_row css="".vc_custom_1484300461025{padding-top: 4px !important;}""][vc_column][vc_column_text]Display your work in the best light. The collection of portfolio layouts and hover animations from Edge Themes ensures that your selected project always look amazing.[/vc_column_text][vc_empty_space height=""22px""][edgtf_button size="""" type="""" target=""_self"" icon_pack="""" font_weight="""" text=""PURCHASE"" link=""#"" color=""#ffffff"" hover_color=""#ffffff"" background_color=""#303030"" hover_background_color=""#565656"" border_color=""#303030"" hover_border_color=""#565656""][/vc_column][/vc_row]","Lorem Ipsn gravida nibh vel velit auctor aliquet. Aene sollic consequat ipsutis sem nibh id elit. Duis sed nibh vel a  sit amet nibh vulputate. This is Lorem Ipsn vel velit auctor aliquet. This is Photoshop's version  of Lorem Ipsn gravida nibh vel velit auctor aliquet. Aene sollic consequat ipsutis sem nibh id elit. Duis sed odio sit amet nibh vulputate.",20170116,portfolio-item,http://bossakov.eu/temp/kaboom/portfolio-item/recent-works/,http://bossakov.eu/temp/kaboom/wp-content/uploads/2017/01/h11-port-img-19.jpg,h11-port-img-19,,,g,http://bossakov.eu/temp/kaboom/wp-content/uploads/2017/01/h11-port-img-19.jpg,,"Cartooning Design>Posters",,publish,1,petko,petko@bossakov.eu,,,recent-works,,,0,0,0,open,closed,20170116
1485,"Mascot Character","[vc_row css="".vc_custom_1484300461025{padding-top: 4px !important;}""][vc_column][vc_column_text]Display your work in the best light. The collection of portfolio layouts and hover animations from Edge Themes ensures that your selected project always look amazing.[/vc_column_text][vc_empty_space height=""22px""][edgtf_button size="""" type="""" target=""_self"" icon_pack="""" font_weight="""" text=""PURCHASE"" link=""#"" color=""#ffffff"" hover_color=""#ffffff"" background_color=""#303030"" hover_background_color=""#565656"" border_color=""#303030"" hover_border_color=""#565656""][/vc_column][/vc_row]","Lorem Ipsn gravida nibh vel velit auctor aliquet. Aene sollic consequat ipsutis sem nibh id elit. Duis sed nibh vel a  sit amet nibh vulputate. This is Lorem Ipsn vel velit auctor aliquet. This is Photoshop's version  of Lorem Ipsn gravida nibh vel velit auctor aliquet. Aene sollic consequat ipsutis sem nibh id elit. Duis sed odio sit amet nibh vulputate.",20170116,portfolio-item,http://bossakov.eu/temp/kaboom/portfolio-item/mascot-character/,http://bossakov.eu/temp/kaboom/wp-content/uploads/2017/01/h11-port-img-20.jpg,h11-port-img-20,,,g,http://bossakov.eu/temp/kaboom/wp-content/uploads/2017/01/h11-port-img-20.jpg,,"Cartooning Design>Posters",,publish,1,petko,petko@bossakov.eu,,,mascot-character,,,0,0,0,open,closed,20170116
1509,Businessman,"[vc_row css="".vc_custom_1484300461025{padding-top: 4px !important;}""][vc_column][vc_column_text]Display your work in the best light. The collection of portfolio layouts and hover animations from Edge Themes ensures that your selected project always look amazing.[/vc_column_text][vc_empty_space height=""22px""][edgtf_button size="""" type="""" target=""_self"" icon_pack="""" font_weight="""" text=""PURCHASE"" link=""#"" color=""#ffffff"" hover_color=""#ffffff"" background_color=""#303030"" hover_background_color=""#565656"" border_color=""#303030"" hover_border_color=""#565656""][/vc_column][/vc_row]","Lorem Ipsn gravida nibh vel velit auctor aliquet. Aene sollic consequat ipsutis sem nibh id elit. Duis sed nibh vel a  sit amet nibh vulputate. This is Lorem Ipsn vel velit auctor aliquet. This is Photoshop's version  of Lorem Ipsn gravida nibh vel velit auctor aliquet. Aene sollic consequat ipsutis sem nibh id elit. Duis sed odio sit amet nibh vulputate.",20170116,portfolio-item,http://bossakov.eu/temp/kaboom/portfolio-item/businessman/,http://bossakov.eu/temp/kaboom/wp-content/uploads/2017/01/h11-port-img-13.jpg,h11-port-img-13,,,f,http://bossakov.eu/temp/kaboom/wp-content/uploads/2017/01/h11-port-img-13.jpg,,"Cartooning Design>Posters",,publish,1,petko,petko@bossakov.eu,,,businessman,,,0,0,0,open,closed,20170116
1512,"Chef Moustache","[vc_row css="".vc_custom_1484300461025{padding-top: 4px !important;}""][vc_column][vc_column_text]Display your work in the best light. The collection of portfolio layouts and hover animations from Edge Themes ensures that your selected project always look amazing.[/vc_column_text][vc_empty_space height=""22px""][edgtf_button size="""" type="""" target=""_self"" icon_pack="""" font_weight="""" text=""PURCHASE"" link=""#"" color=""#ffffff"" hover_color=""#ffffff"" background_color=""#303030"" hover_background_color=""#565656"" border_color=""#303030"" hover_border_color=""#565656""][/vc_column][/vc_row]","Lorem Ipsn gravida nibh vel velit auctor aliquet. Aene sollic consequat ipsutis sem nibh id elit. Duis sed nibh vel a  sit amet nibh vulputate. This is Lorem Ipsn vel velit auctor aliquet. This is Photoshop's version  of Lorem Ipsn gravida nibh vel velit auctor aliquet. Aene sollic consequat ipsutis sem nibh id elit. Duis sed odio sit amet nibh vulputate.",20170116,portfolio-item,http://bossakov.eu/temp/kaboom/portfolio-item/chef-moustache/,http://bossakov.eu/temp/kaboom/wp-content/uploads/2017/01/h11-port-img-12.jpg,h11-port-img-12,,,j,http://bossakov.eu/temp/kaboom/wp-content/uploads/2017/01/h11-port-img-12.jpg,,"Cartooning Design>Characters",,publish,1,petko,petko@bossakov.eu,,,chef-moustache,,,0,0,0,open,closed,20170116
1514,"Fox Character","[vc_row css="".vc_custom_1484300461025{padding-top: 4px !important;}""][vc_column][vc_column_text]Display your work in the best light. The collection of portfolio layouts and hover animations from Edge Themes ensures that your selected project always look amazing.[/vc_column_text][vc_empty_space height=""22px""][edgtf_button size="""" type="""" target=""_self"" icon_pack="""" font_weight="""" text=""PURCHASE"" link=""#"" color=""#ffffff"" hover_color=""#ffffff"" background_color=""#303030"" hover_background_color=""#565656"" border_color=""#303030"" hover_border_color=""#565656""][/vc_column][/vc_row]","Lorem Ipsn gravida nibh vel velit auctor aliquet. Aene sollic consequat ipsutis sem nibh id elit. Duis sed nibh vel a  sit amet nibh vulputate. This is Lorem Ipsn vel velit auctor aliquet. This is Photoshop's version  of Lorem Ipsn gravida nibh vel velit auctor aliquet. Aene sollic consequat ipsutis sem nibh id elit. Duis sed odio sit amet nibh vulputate.",20170116,portfolio-item,http://bossakov.eu/temp/kaboom/portfolio-item/fox-character/,http://bossakov.eu/temp/kaboom/wp-content/uploads/2017/01/h11-port-img-11.jpg,h11-port-img-11,,,f,http://bossakov.eu/temp/kaboom/wp-content/uploads/2017/01/h11-port-img-11.jpg,,"Cartooning Design>Characters",,publish,1,petko,petko@bossakov.eu,,,fox-character,,,0,0,0,open,closed,20170116
1516,Grandpa,"[vc_row css="".vc_custom_1484300461025{padding-top: 4px !important;}""][vc_column][vc_column_text]Display your work in the best light. The collection of portfolio layouts and hover animations from Edge Themes ensures that your selected project always look amazing.[/vc_column_text][vc_empty_space height=""22px""][edgtf_button size="""" type="""" target=""_self"" icon_pack="""" font_weight="""" text=""PURCHASE"" link=""#"" color=""#ffffff"" hover_color=""#ffffff"" background_color=""#303030"" hover_background_color=""#565656"" border_color=""#303030"" hover_border_color=""#565656""][/vc_column][/vc_row]","Lorem Ipsn gravida nibh vel velit auctor aliquet. Aene sollic consequat ipsutis sem nibh id elit. Duis sed nibh vel a  sit amet nibh vulputate. This is Lorem Ipsn vel velit auctor aliquet. This is Photoshop's version  of Lorem Ipsn gravida nibh vel velit auctor aliquet. Aene sollic consequat ipsutis sem nibh id elit. Duis sed odio sit amet nibh vulputate.",20170116,portfolio-item,http://bossakov.eu/temp/kaboom/portfolio-item/grandpa/,http://bossakov.eu/temp/kaboom/wp-content/uploads/2017/01/h11-port-img-10.jpg,h11-port-img-10,,,h,http://bossakov.eu/temp/kaboom/wp-content/uploads/2017/01/h11-port-img-10.jpg,,"Cartooning Design>Characters",,publish,1,petko,petko@bossakov.eu,,,grandpa,,,0,0,0,open,closed,20170116
1518,Hippo,"[vc_row css="".vc_custom_1484300461025{padding-top: 4px !important;}""][vc_column][vc_column_text]Display your work in the best light. The collection of portfolio layouts and hover animations from Edge Themes ensures that your selected project always look amazing.[/vc_column_text][vc_empty_space height=""22px""][edgtf_button size="""" type="""" target=""_self"" icon_pack="""" font_weight="""" text=""PURCHASE"" link=""#"" color=""#ffffff"" hover_color=""#ffffff"" background_color=""#303030"" hover_background_color=""#565656"" border_color=""#303030"" hover_border_color=""#565656""][/vc_column][/vc_row]","Lorem Ipsn gravida nibh vel velit auctor aliquet. Aene sollic consequat ipsutis sem nibh id elit. Duis sed nibh vel a  sit amet nibh vulputate. This is Lorem Ipsn vel velit auctor aliquet. This is Photoshop's version  of Lorem Ipsn gravida nibh vel velit auctor aliquet. Aene sollic consequat ipsutis sem nibh id elit. Duis sed odio sit amet nibh vulputate.",20170116,portfolio-item,http://bossakov.eu/temp/kaboom/portfolio-item/hippo/,http://bossakov.eu/temp/kaboom/wp-content/uploads/2017/01/h11-port-img-9.jpg,h11-port-img-9,,,h,http://bossakov.eu/temp/kaboom/wp-content/uploads/2017/01/h11-port-img-9.jpg,,"Cartooning Design>Characters",,publish,1,petko,petko@bossakov.eu,,,hippo,,,0,0,0,open,closed,20170116
1520,"Monkey Character","[vc_row css="".vc_custom_1484300461025{padding-top: 4px !important;}""][vc_column][vc_column_text]Display your work in the best light. The collection of portfolio layouts and hover animations from Edge Themes ensures that your selected project always look amazing.[/vc_column_text][vc_empty_space height=""22px""][edgtf_button size="""" type="""" target=""_self"" icon_pack="""" font_weight="""" text=""PURCHASE"" link=""#"" color=""#ffffff"" hover_color=""#ffffff"" background_color=""#303030"" hover_background_color=""#565656"" border_color=""#303030"" hover_border_color=""#565656""][/vc_column][/vc_row]","Lorem Ipsn gravida nibh vel velit auctor aliquet. Aene sollic consequat ipsutis sem nibh id elit. Duis sed nibh vel a  sit amet nibh vulputate. This is Lorem Ipsn vel velit auctor aliquet. This is Photoshop's version  of Lorem Ipsn gravida nibh vel velit auctor aliquet. Aene sollic consequat ipsutis sem nibh id elit. Duis sed odio sit amet nibh vulputate.",20170116,portfolio-item,http://bossakov.eu/temp/kaboom/portfolio-item/monkey-character/,http://bossakov.eu/temp/kaboom/wp-content/uploads/2017/01/h11-port-img-8.jpg,h11-port-img-8,,,h,http://bossakov.eu/temp/kaboom/wp-content/uploads/2017/01/h11-port-img-8.jpg,,"Cartooning Design>Animals",,publish,1,petko,petko@bossakov.eu,,,monkey-character,,,0,0,0,open,closed,20170116
1522,"Dr. Illustration","[vc_row css="".vc_custom_1484300461025{padding-top: 4px !important;}""][vc_column][vc_column_text]Display your work in the best light. The collection of portfolio layouts and hover animations from Edge Themes ensures that your selected project always look amazing.[/vc_column_text][vc_empty_space height=""22px""][edgtf_button size="""" type="""" target=""_self"" icon_pack="""" font_weight="""" text=""PURCHASE"" link=""#"" color=""#ffffff"" hover_color=""#ffffff"" background_color=""#303030"" hover_background_color=""#565656"" border_color=""#303030"" hover_border_color=""#565656""][/vc_column][/vc_row]","Lorem Ipsn gravida nibh vel velit auctor aliquet. Aene sollic consequat ipsutis sem nibh id elit. Duis sed nibh vel a  sit amet nibh vulputate. This is Lorem Ipsn vel velit auctor aliquet. This is Photoshop's version  of Lorem Ipsn gravida nibh vel velit auctor aliquet. Aene sollic consequat ipsutis sem nibh id elit. Duis sed odio sit amet nibh vulputate.",20170116,portfolio-item,http://bossakov.eu/temp/kaboom/portfolio-item/dr-illustration/,http://bossakov.eu/temp/kaboom/wp-content/uploads/2017/01/h11-port-img-7.jpg,h11-port-img-7,,,h,http://bossakov.eu/temp/kaboom/wp-content/uploads/2017/01/h11-port-img-7.jpg,,"Cartooning Design>Animals",,publish,1,petko,petko@bossakov.eu,,,dr-illustration,,,0,0,0,open,closed,20170116
1524,Zebra,"[vc_row css="".vc_custom_1484300461025{padding-top: 4px !important;}""][vc_column][vc_column_text]Display your work in the best light. The collection of portfolio layouts and hover animations from Edge Themes ensures that your selected project always look amazing.[/vc_column_text][vc_empty_space height=""22px""][edgtf_button size="""" type="""" target=""_self"" icon_pack="""" font_weight="""" text=""PURCHASE"" link=""#"" color=""#ffffff"" hover_color=""#ffffff"" background_color=""#303030"" hover_background_color=""#565656"" border_color=""#303030"" hover_border_color=""#565656""][/vc_column][/vc_row]","Lorem Ipsn gravida nibh vel velit auctor aliquet. Aene sollic consequat ipsutis sem nibh id elit. Duis sed nibh vel a  sit amet nibh vulputate. This is Lorem Ipsn vel velit auctor aliquet. This is Photoshop's version  of Lorem Ipsn gravida nibh vel velit auctor aliquet. Aene sollic consequat ipsutis sem nibh id elit. Duis sed odio sit amet nibh vulputate.",20170116,portfolio-item,http://bossakov.eu/temp/kaboom/portfolio-item/zebra/,http://bossakov.eu/temp/kaboom/wp-content/uploads/2017/01/h11-port-img-6.jpg,h11-port-img-6,,,g,http://bossakov.eu/temp/kaboom/wp-content/uploads/2017/01/h11-port-img-6.jpg,,"Cartooning Design>Animals",,publish,1,petko,petko@bossakov.eu,,,zebra,,,0,0,0,open,closed,20170116
1526,"Fat Kiddo","[vc_row css="".vc_custom_1484300461025{padding-top: 4px !important;}""][vc_column][vc_column_text]Display your work in the best light. The collection of portfolio layouts and hover animations from Edge Themes ensures that your selected project always look amazing.[/vc_column_text][vc_empty_space height=""22px""][edgtf_button size="""" type="""" target=""_self"" icon_pack="""" font_weight="""" text=""PURCHASE"" link=""#"" color=""#ffffff"" hover_color=""#ffffff"" background_color=""#303030"" hover_background_color=""#565656"" border_color=""#303030"" hover_border_color=""#565656""][/vc_column][/vc_row]","Lorem Ipsn gravida nibh vel velit auctor aliquet. Aene sollic consequat ipsutis sem nibh id elit. Duis sed nibh vel a  sit amet nibh vulputate. This is Lorem Ipsn vel velit auctor aliquet. This is Photoshop's version  of Lorem Ipsn gravida nibh vel velit auctor aliquet. Aene sollic consequat ipsutis sem nibh id elit. Duis sed odio sit amet nibh vulputate.",20170116,portfolio-item,http://bossakov.eu/temp/kaboom/portfolio-item/fat-kiddo/,http://bossakov.eu/temp/kaboom/wp-content/uploads/2017/01/h11-port-img-5.jpg,h11-port-img-5,,,f,http://bossakov.eu/temp/kaboom/wp-content/uploads/2017/01/h11-port-img-5.jpg,,"Cartooning Design>Animals",,publish,1,petko,petko@bossakov.eu,,,fat-kiddo,,,0,0,0,open,closed,20170116
1528,Hipster,"[vc_row css="".vc_custom_1484300461025{padding-top: 4px !important;}""][vc_column][vc_column_text]Display your work in the best light. The collection of portfolio layouts and hover animations from Edge Themes ensures that your selected project always look amazing.[/vc_column_text][vc_empty_space height=""22px""][edgtf_button size="""" type="""" target=""_self"" icon_pack="""" font_weight="""" text=""PURCHASE"" link=""#"" color=""#ffffff"" hover_color=""#ffffff"" background_color=""#303030"" hover_background_color=""#565656"" border_color=""#303030"" hover_border_color=""#565656""][/vc_column][/vc_row]","Lorem Ipsn gravida nibh vel velit auctor aliquet. Aene sollic consequat ipsutis sem nibh id elit. Duis sed nibh vel a  sit amet nibh vulputate. This is Lorem Ipsn vel velit auctor aliquet. This is Photoshop's version  of Lorem Ipsn gravida nibh vel velit auctor aliquet. Aene sollic consequat ipsutis sem nibh id elit. Duis sed odio sit amet nibh vulputate.",20170116,portfolio-item,http://bossakov.eu/temp/kaboom/portfolio-item/hipster/,http://bossakov.eu/temp/kaboom/wp-content/uploads/2017/01/h11-port-img-4.jpg,h11-port-img-4,,,c,http://bossakov.eu/temp/kaboom/wp-content/uploads/2017/01/h11-port-img-4.jpg,,"Cartooning Design>Animals",,publish,1,petko,petko@bossakov.eu,,,hipster,,,0,0,0,open,closed,20170116
1530,"Rhino Character","[vc_row css="".vc_custom_1484300461025{padding-top: 4px !important;}""][vc_column][vc_column_text]Display your work in the best light. The collection of portfolio layouts and hover animations from Edge Themes ensures that your selected project always look amazing.[/vc_column_text][vc_empty_space height=""22px""][edgtf_button size="""" type="""" target=""_self"" icon_pack="""" font_weight="""" text=""PURCHASE"" link=""#"" color=""#ffffff"" hover_color=""#ffffff"" background_color=""#303030"" hover_background_color=""#565656"" border_color=""#303030"" hover_border_color=""#565656""][/vc_column][/vc_row]","Lorem Ipsn gravida nibh vel velit auctor aliquet. Aene sollic consequat ipsutis sem nibh id elit. Duis sed nibh vel a  sit amet nibh vulputate. This is Lorem Ipsn vel velit auctor aliquet. This is Photoshop's version  of Lorem Ipsn gravida nibh vel velit auctor aliquet. Aene sollic consequat ipsutis sem nibh id elit. Duis sed odio sit amet nibh vulputate.",20170116,portfolio-item,http://bossakov.eu/temp/kaboom/portfolio-item/rhino-character/,http://bossakov.eu/temp/kaboom/wp-content/uploads/2017/01/h11-port-img-3.jpg,h11-port-img-3,,,f,http://bossakov.eu/temp/kaboom/wp-content/uploads/2017/01/h11-port-img-3.jpg,,"Cartooning Design>Animals",,publish,1,petko,petko@bossakov.eu,,,rhino-character,,,0,0,0,open,closed,20170116
1532,"Cartoon Character","[vc_row css="".vc_custom_1484300461025{padding-top: 4px !important;}""][vc_column][vc_column_text]Display your work in the best light. The collection of portfolio layouts and hover animations from Edge Themes ensures that your selected project always look amazing.[/vc_column_text][vc_empty_space height=""22px""][edgtf_button size="""" type="""" target=""_self"" icon_pack="""" font_weight="""" text=""PURCHASE"" link=""#"" color=""#ffffff"" hover_color=""#ffffff"" background_color=""#303030"" hover_background_color=""#565656"" border_color=""#303030"" hover_border_color=""#565656""][/vc_column][/vc_row]","Lorem Ipsn gravida nibh vel velit auctor aliquet. Aene sollic consequat ipsutis sem nibh id elit. Duis sed nibh vel a  sit amet nibh vulputate. This is Lorem Ipsn vel velit auctor aliquet. This is Photoshop's version  of Lorem Ipsn gravida nibh vel velit auctor aliquet. Aene sollic consequat ipsutis sem nibh id elit. Duis sed odio sit amet nibh vulputate.",20170116,portfolio-item,http://bossakov.eu/temp/kaboom/portfolio-item/cartoon-character/,http://bossakov.eu/temp/kaboom/wp-content/uploads/2017/01/h11-port-img-2.jpg,h11-port-img-2,,,h,http://bossakov.eu/temp/kaboom/wp-content/uploads/2017/01/h11-port-img-2.jpg,,"Cartooning Design>Animals",,publish,1,petko,petko@bossakov.eu,,,cartoon-character,,,0,0,0,open,closed,20170116
1535,"Lion Poster","[vc_row css="".vc_custom_1484300461025{padding-top: 4px !important;}""][vc_column][vc_column_text]Display your work in the best light. The collection of portfolio layouts and hover animations from Edge Themes ensures that your selected project always look amazing.[/vc_column_text][vc_empty_space height=""22px""][edgtf_button size="""" type="""" target=""_self"" icon_pack="""" font_weight="""" text=""PURCHASE"" link=""#"" color=""#ffffff"" hover_color=""#ffffff"" background_color=""#303030"" hover_background_color=""#565656"" border_color=""#303030"" hover_border_color=""#565656""][/vc_column][/vc_row]","Lorem Ipsn gravida nibh vel velit auctor aliquet. Aene sollic consequat ipsutis sem nibh id elit. Duis sed nibh vel a  sit amet nibh vulputate. This is Lorem Ipsn vel velit auctor aliquet. This is Photoshop's version  of Lorem Ipsn gravida nibh vel velit auctor aliquet. Aene sollic consequat ipsutis sem nibh id elit. Duis sed odio sit amet nibh vulputate.",20170116,portfolio-item,http://bossakov.eu/temp/kaboom/portfolio-item/lion-poster/,http://bossakov.eu/temp/kaboom/wp-content/uploads/2017/01/h11-port-img-1.jpg,h11-port-img-1,,,v,http://bossakov.eu/temp/kaboom/wp-content/uploads/2017/01/h11-port-img-1.jpg,,"Cartooning Design>Animals",,publish,1,petko,petko@bossakov.eu,,,lion-poster,,,0,0,0,open,closed,20170116
